{
  "results": [
    {
      "command": "bun run part1.ts",
      "mean": 0.01610707373157895,
      "stddev": 0.0005029034691928683,
      "median": 0.0161168291,
      "user": 0.013212123391812854,
      "system": 0.006914487602339182,
      "min": 0.015024829100000001,
      "max": 0.0178290371,
      "times": [
        0.015059787100000003,
        0.015614162100000002,
        0.015179204100000003,
        0.015985371100000003,
        0.016877412100000003,
        0.0157374121,
        0.015463579100000003,
        0.0170727871,
        0.0178290371,
        0.016637621100000003,
        0.0167943291,
        0.0169913701,
        0.015941954100000003,
        0.016008870100000003,
        0.0157892451,
        0.016821037100000002,
        0.0165480791,
        0.0158485371,
        0.0161758291,
        0.0158033711,
        0.0156310791,
        0.016570621100000002,
        0.0160710791,
        0.0153607041,
        0.016285204100000002,
        0.016216996100000002,
        0.0161491211,
        0.0164169961,
        0.0158386621,
        0.015685245100000002,
        0.016757745100000002,
        0.0160455371,
        0.0163226201,
        0.016417329100000003,
        0.015467287100000001,
        0.016433662100000003,
        0.016825537100000003,
        0.016344954100000003,
        0.0155400381,
        0.0158256201,
        0.016089621100000003,
        0.015390329100000003,
        0.015069829100000001,
        0.0161168291,
        0.016390079100000003,
        0.0165202041,
        0.015928329100000003,
        0.016206621100000002,
        0.0159299541,
        0.016080288100000003,
        0.0163143291,
        0.016599287100000002,
        0.0161290371,
        0.0161362461,
        0.0162994961,
        0.0166075371,
        0.016225413100000002,
        0.0161990371,
        0.0173676211,
        0.0159468291,
        0.015064995100000002,
        0.016489663100000003,
        0.016144246100000002,
        0.016292204100000002,
        0.0168312881,
        0.0157281621,
        0.015197621100000003,
        0.0166596211,
        0.015838329100000003,
        0.015949621100000002,
        0.015476579100000002,
        0.0157129121,
        0.0151052461,
        0.015931954100000003,
        0.015918245100000002,
        0.0162861631,
        0.0157020371,
        0.015283537100000001,
        0.0162572451,
        0.0161962881,
        0.015843121100000003,
        0.0157776211,
        0.016230579100000003,
        0.015549996100000001,
        0.015350746100000003,
        0.0161169541,
        0.0166721631,
        0.0159475791,
        0.0161972041,
        0.0159532871,
        0.016401246100000003,
        0.015637745100000003,
        0.0165565381,
        0.0165292041,
        0.015837204100000002,
        0.016594704100000003,
        0.016359245100000003,
        0.015475829100000001,
        0.0158608711,
        0.0162188701,
        0.0157163711,
        0.015206038100000003,
        0.0159948291,
        0.016312329100000002,
        0.016045829100000002,
        0.015740870100000002,
        0.0163802881,
        0.0172466211,
        0.016298412100000003,
        0.016287412100000002,
        0.0158182871,
        0.0162905791,
        0.016120287100000002,
        0.015462412100000003,
        0.0162102041,
        0.0157900371,
        0.016772871100000003,
        0.016447954100000002,
        0.0164320791,
        0.0158679961,
        0.0163649121,
        0.0168137871,
        0.016269245100000003,
        0.0155742881,
        0.016133371100000002,
        0.015422204100000003,
        0.015945954100000003,
        0.0159308711,
        0.0160262041,
        0.016201413100000003,
        0.015826954100000002,
        0.015838996100000002,
        0.016258204100000003,
        0.015789079100000002,
        0.015683120100000003,
        0.0159923291,
        0.017031954100000003,
        0.0166382461,
        0.0152664541,
        0.015895538100000002,
        0.0161076211,
        0.016537162100000002,
        0.0164849131,
        0.015607538100000002,
        0.015763162100000002,
        0.016535329100000003,
        0.0164770791,
        0.015768579100000003,
        0.0159662871,
        0.015840663100000003,
        0.016064620100000003,
        0.0167580371,
        0.0163143291,
        0.0161492041,
        0.016051662100000003,
        0.015024829100000001,
        0.015836787100000003,
        0.015059704100000001,
        0.0158102461,
        0.016687287100000003,
        0.015985287100000002,
        0.016482954100000002,
        0.016422537100000002,
        0.0175299541,
        0.0173874951,
        0.0165529961,
        0.0165574131,
        0.0161912871,
        0.0164511211,
        0.015750037100000003,
        0.0157000381
      ],
      "exit_codes": [
        0,
        0,
        0,
        0,
        0,
        0,
        0,
        0,
        0,
        0,
        0,
        0,
        0,
        0,
        0,
        0,
        0,
        0,
        0,
        0,
        0,
        0,
        0,
        0,
        0,
        0,
        0,
        0,
        0,
        0,
        0,
        0,
        0,
        0,
        0,
        0,
        0,
        0,
        0,
        0,
        0,
        0,
        0,
        0,
        0,
        0,
        0,
        0,
        0,
        0,
        0,
        0,
        0,
        0,
        0,
        0,
        0,
        0,
        0,
        0,
        0,
        0,
        0,
        0,
        0,
        0,
        0,
        0,
        0,
        0,
        0,
        0,
        0,
        0,
        0,
        0,
        0,
        0,
        0,
        0,
        0,
        0,
        0,
        0,
        0,
        0,
        0,
        0,
        0,
        0,
        0,
        0,
        0,
        0,
        0,
        0,
        0,
        0,
        0,
        0,
        0,
        0,
        0,
        0,
        0,
        0,
        0,
        0,
        0,
        0,
        0,
        0,
        0,
        0,
        0,
        0,
        0,
        0,
        0,
        0,
        0,
        0,
        0,
        0,
        0,
        0,
        0,
        0,
        0,
        0,
        0,
        0,
        0,
        0,
        0,
        0,
        0,
        0,
        0,
        0,
        0,
        0,
        0,
        0,
        0,
        0,
        0,
        0,
        0,
        0,
        0,
        0,
        0,
        0,
        0,
        0,
        0,
        0,
        0,
        0,
        0,
        0,
        0,
        0,
        0,
        0,
        0,
        0,
        0,
        0,
        0
      ],
      "parameters": {
        "pt": "1"
      }
    },
    {
      "command": "bun run part2.ts",
      "mean": 0.009480191793798451,
      "stddev": 0.0002714417604385511,
      "median": 0.009456579100000001,
      "user": 0.00887227829457364,
      "system": 0.00393833426356589,
      "min": 0.0087714121,
      "max": 0.010297746100000001,