{
  "results": [
    {
      "command": "bun run part1.ts",
      "mean": 0.0181476062460274,
      "stddev": 0.00042745290141618425,
      "median": 0.01809532952,
      "user": 0.017803818904109585,
      "system": 0.007008632328767127,
      "min": 0.01721926702,
      "max": 0.019109600020000003,
      "times": [
        0.01826055802,
        0.017700267020000004,
        0.01860430802,
        0.018259433020000004,
        0.017661058020000002,
        0.01773889102,
        0.018763641020000003,
        0.017898850020000003,
        0.017838016020000003,
        0.01806876702,
        0.017994641020000004,
        0.017713266020000003,
        0.01771985002,
        0.01783185002,
        0.01763230802,
        0.01778555902,
        0.018149141020000002,
        0.017950058020000003,
        0.01737685002,
        0.01797151702,
        0.017772516020000004,
        0.01741847502,
        0.018068183020000003,
        0.018073392020000002,
        0.01783110002,
        0.018429725020000003,
        0.018490183020000002,
        0.018073641020000003,
        0.017491058020000002,
        0.018534850020000004,
        0.01852018302,
        0.018679766020000002,
        0.01779397502,
        0.01825485002,
        0.01792522502,
        0.017653475020000003,
        0.017580892020000002,
        0.018476433020000002,
        0.018116683020000003,
        0.018167517020000003,
        0.018366600020000002,
        0.017833850020000003,
        0.018270350020000003,
        0.01754568302,
        0.018201891020000003,
        0.017847641020000003,
        0.017863975020000002,
        0.01901889102,
        0.01779022502,
        0.017564808020000003,
        0.018094642020000003,
        0.01876135002,
        0.019109600020000003,
        0.017760725020000003,
        0.01881401602,
        0.018096725020000003,
        0.019018517020000004,
        0.01776289102,
        0.017954308020000004,
        0.017805600020000003,
        0.01784468402,
        0.019018683020000003,
        0.01853972502,
        0.01757576602,
        0.01858693402,
        0.018709850020000002,
        0.01825551702,
        0.018117184020000003,
        0.019004642020000004,
        0.018025809020000002,
        0.018434100020000004,
        0.018026725020000002,
        0.017960392020000004,
        0.017580225020000003,
        0.017897933020000003,
        0.01873268302,
        0.01843835002,
        0.017718766020000002,
        0.017813517020000003,
        0.018364392020000002,
        0.018486350020000004,
        0.01798072502,
        0.017859058020000002,
        0.01870897502,
        0.01782926602,
        0.01805310002,
        0.01827326702,
        0.01784822502,
        0.018051225020000002,
        0.017935767020000003,
        0.019029100020000002,
        0.018190725020000003,
        0.01763422502,
        0.018394725020000002,
        0.018709558020000003,
        0.019059183020000002,
        0.017807433020000003,
        0.01776947502,
        0.01860939102,
        0.01809601702,
        0.017712767020000002,
        0.01756614202,
        0.01875747502,
        0.018616309020000003,
        0.01803818302,
        0.018796183020000003,
        0.018294475020000003,
        0.018536683020000003,
        0.01746980902,
        0.01871751702,
        0.018659517020000002,
        0.01802689202,
        0.018547725020000003,
        0.017753058020000004,
        0.01811755802,
        0.01830672502,
        0.018162850020000003,
        0.017921642020000003,
        0.01721926702,
        0.018928434020000003,
        0.01856543302,
        0.01746139102,
        0.017853683020000004,
        0.01809055802,
        0.018028017020000002,
        0.01806980802,
        0.018470392020000004,
        0.01811339202,
        0.018127559020000003,
        0.01884810002,
        0.01861718302,
        0.017643475020000004,
        0.01855360002,
        0.01827030802,
        0.01817822502,
        0.018262017020000004,
        0.01734339202,
        0.018476100020000004,
        0.018406392020000002,
        0.018156767020000002,
        0.01779272502,
        0.018232850020000003,
        0.018480433020000003,
        0.018805767020000003,
        0.01767018302,
        0.01815864202
      ],
      "exit_codes": [
        0,
        0,
        0,
        0,
        0,
        0,
        0,
        0,
        0,
        0,
        0,
        0,
        0,
        0,
        0,
        0,
        0,
        0,
        0,
        0,
        0,
        0,
        0,
        0,
        0,
        0,
        0,
        0,
        0,
        0,
        0,
        0,
        0,
        0,
        0,
        0,
        0,
        0,
        0,
        0,
        0,
        0,
        0,
        0,
        0,
        0,
        0,
        0,
        0,
        0,
        0,
        0,
        0,
        0,
        0,
        0,
        0,
        0,
        0,
        0,
        0,
        0,
        0,
        0,
        0,
        0,
        0,
        0,
        0,
        0,
        0,
        0,
        0,
        0,
        0,
        0,
        0,
        0,
        0,
        0,
        0,
        0,
        0,
        0,
        0,
        0,
        0,
        0,
        0,
        0,
        0,
        0,
        0,
        0,
        0,
        0,
        0,
        0,
        0,
        0,
        0,
        0,
        0,
        0,
        0,
        0,
        0,
        0,
        0,
        0,
        0,
        0,
        0,
        0,
        0,
        0,
        0,
        0,
        0,
        0,
        0,
        0,
        0,
        0,
        0,
        0,
        0,
        0,
        0,
        0,
        0,
        0,
        0,
        0,
        0,
        0,
        0,
        0,
        0,
        0,
        0,
        0,
        0,
        0,
        0,
        0
      ],
      "parameters": {
        "pt": "1"
      }
    },
    {
      "command": "bun run part2.ts",
      "mean": 0.01851995008802721,
      "stddev": 0.0004505866971418647,
      "median": 0.018429058020000003,
      "user": 0.01854843482993196,
      "system": 0.007262868979591837,
      "min": 0.017746559020000004,
      "max": 0.020067600020000003,