{
  "results": [
    {
      "command": "bun run part1.ts",
      "mean": 0.019199005643120565,
      "stddev": 0.0003258829208542019,
      "median": 0.01922649948,
      "user": 0.017485464113475166,
      "system": 0.007619696312056736,
      "min": 0.01855195748,
      "max": 0.020138748480000003,
      "times": [
        0.01855195748,
        0.019024874480000002,
        0.01898404048,
        0.01904649948,
        0.01875191548,
        0.01936645748,
        0.019508790480000003,
        0.01922649948,
        0.01932891548,
        0.01959816548,
        0.01896058248,
        0.01947358248,
        0.018835707480000005,
        0.01898270748,
        0.01961470748,
        0.01936645748,
        0.018778457480000003,
        0.01934341648,
        0.019091666480000005,
        0.01895391548,
        0.019256999480000002,
        0.018793499480000003,
        0.018940873480000002,
        0.01896529148,
        0.019238332480000002,
        0.01906666648,
        0.018734082480000004,
        0.01935149948,
        0.018815082480000002,
        0.01939166548,
        0.019803415480000003,
        0.018898998480000005,
        0.01870054048,
        0.01920133248,
        0.019198624480000002,
        0.01892637448,
        0.019524291480000004,
        0.019260499480000005,
        0.018876957480000005,
        0.01908324948,
        0.018730165480000005,
        0.01899537348,
        0.019335748480000005,
        0.01876587348,
        0.01929024948,
        0.018806207480000003,
        0.01906287448,
        0.018594873480000003,
        0.018787832480000002,
        0.019025374480000003,
        0.019539832480000005,
        0.01996716648,
        0.01929887448,
        0.018840207480000003,
        0.019452165480000005,
        0.01935645748,
        0.01924304048,
        0.019565749480000005,
        0.01947341548,
        0.01963599948,
        0.01920133248,
        0.019483291480000005,
        0.018724249480000003,
        0.018975540480000004,
        0.01908454148,
        0.019716290480000002,
        0.019345873480000005,
        0.01874766548,
        0.019678916480000003,
        0.019605457480000005,
        0.018986665480000005,
        0.019986916480000005,
        0.01939791648,
        0.018809249480000005,
        0.018784707480000003,
        0.01933670748,
        0.019462332480000004,
        0.019120457480000005,
        0.01929412448,
        0.01890562448,
        0.01952891548,
        0.01910479048,
        0.018933832480000003,
        0.01929083248,
        0.01919383248,
        0.019111415480000005,
        0.01892766648,
        0.019245041480000002,
        0.020138748480000003,
        0.019243915480000005,
        0.01931874948,
        0.02004574948,
        0.01933487348,
        0.018725582480000003,
        0.01874899948,
        0.019241957480000002,
        0.019310082480000004,
        0.01934366548,
        0.01916216548,
        0.020020665480000005,
        0.01903062448,
        0.018567290480000005,
        0.019451665480000005,
        0.018777874480000005,
        0.01938991548,
        0.01916083248,
        0.019002457480000005,
        0.01910479048,
        0.019106540480000003,
        0.01932529048,
        0.019551790480000004,
        0.018970041480000005,
        0.01936412448,
        0.01888799848,
        0.019314040480000003,
        0.019261290480000005,
        0.019256957480000003,
        0.01929545748,
        0.01906466548,
        0.019256874480000005,
        0.01922770748,
        0.019946332480000002,
        0.01905166548,
        0.01931304048,
        0.019406790480000005,
        0.01899979048,
        0.019371041480000004,
        0.01928995748,
        0.019601374480000003,
        0.01864945748,
        0.019150290480000005,
        0.019169832480000003,
        0.01891345748,
        0.019492624480000005,
        0.019048666480000004,
        0.01968237448,
        0.01932912448,
        0.01976641548,
        0.018893623480000003,
        0.01900166548,
        0.01940962348
      ],
      "exit_codes": [
        0,
        0,
        0,
        0,
        0,
        0,
        0,
        0,
        0,
        0,
        0,
        0,
        0,
        0,
        0,
        0,
        0,
        0,
        0,
        0,
        0,
        0,
        0,
        0,
        0,
        0,
        0,
        0,
        0,
        0,
        0,
        0,
        0,
        0,
        0,
        0,
        0,
        0,
        0,
        0,
        0,
        0,
        0,
        0,
        0,
        0,
        0,
        0,
        0,
        0,
        0,
        0,
        0,
        0,
        0,
        0,
        0,
        0,
        0,
        0,
        0,
        0,
        0,
        0,
        0,
        0,
        0,
        0,
        0,
        0,
        0,
        0,
        0,
        0,
        0,
        0,
        0,
        0,
        0,
        0,
        0,
        0,
        0,
        0,
        0,
        0,
        0,
        0,
        0,
        0,
        0,
        0,
        0,
        0,
        0,
        0,
        0,
        0,
        0,
        0,
        0,
        0,
        0,
        0,
        0,
        0,
        0,
        0,
        0,
        0,
        0,
        0,
        0,
        0,
        0,
        0,
        0,
        0,
        0,
        0,
        0,
        0,
        0,
        0,
        0,
        0,
        0,
        0,
        0,
        0,
        0,
        0,
        0,
        0,
        0,
        0,
        0,
        0,
        0,
        0,
        0
      ],
      "parameters": {
        "pt": "1"
      }
    },
    {
      "command": "bun run part2.ts",
      "mean": 0.01930481321134328,
      "stddev": 0.00034574442451566957,
      "median": 0.01925972898,
      "user": 0.017551907164179113,
      "system": 0.00764646507462686,
      "min": 0.01854983248,
      "max": 0.02052137348,