{
  "results": [
    {
      "command": "bun run part1.ts",
      "mean": 0.014139680528508293,
      "stddev": 0.0003624597340809971,
      "median": 0.014106872860000003,
      "user": 0.011081835469613265,
      "system": 0.00588693712707182,
      "min": 0.01331408086,
      "max": 0.01508641386,
      "times": [
        0.014298038860000003,
        0.013731622860000002,
        0.014106872860000003,
        0.01447266386,
        0.014527080860000001,
        0.013774205860000001,
        0.01473733086,
        0.01416312186,
        0.01428566386,
        0.013662872860000003,
        0.014537663860000003,
        0.01459920586,
        0.013991080860000003,
        0.014397746860000003,
        0.01380587286,
        0.013967788860000002,
        0.013912788860000002,
        0.014177330860000002,
        0.014051580860000001,
        0.01438549786,
        0.013978914860000002,
        0.013756247860000003,
        0.014352997860000003,
        0.014548288860000003,
        0.014843996860000002,
        0.013963788860000001,
        0.01472253886,
        0.014646080860000002,
        0.014239914860000003,
        0.014139539860000003,
        0.013830163860000003,
        0.013772372860000002,
        0.014695080860000003,
        0.01394616486,
        0.01331408086,
        0.013461289860000001,
        0.01384853886,
        0.01425803986,
        0.01432753886,
        0.014458705860000002,
        0.01463241386,
        0.013663288860000003,
        0.01384916486,
        0.013589496860000003,
        0.01423291386,
        0.01405253886,
        0.013836414860000002,
        0.013621414860000002,
        0.014461580860000002,
        0.014156330860000002,
        0.014351080860000002,
        0.013349955860000002,
        0.01401103886,
        0.01385837286,
        0.013883497860000002,
        0.013888372860000003,
        0.01457003886,
        0.014350080860000001,
        0.014084913860000001,
        0.013808788860000002,
        0.014168746860000003,
        0.014132580860000002,
        0.013850705860000001,
        0.013921247860000001,
        0.014658372860000003,
        0.01459845586,
        0.014375121860000001,
        0.014383997860000003,
        0.013707122860000002,
        0.014451288860000003,
        0.014814830860000001,
        0.013969955860000003,
        0.01406149686,
        0.01425312186,
        0.014061413860000002,
        0.013446621860000002,
        0.014068955860000001,
        0.013948330860000002,
        0.014555705860000002,
        0.01391520586,
        0.013795955860000002,
        0.01484974786,
        0.014103247860000003,
        0.014434955860000003,
        0.013764580860000002,
        0.014526038860000002,
        0.014265080860000003,
        0.013746288860000002,
        0.01374041386,
        0.01475808086,
        0.01423224686,
        0.01406170586,
        0.014191205860000002,
        0.014216580860000003,
        0.01436578986,
        0.01472412186,
        0.014089163860000002,
        0.013806080860000002,
        0.013842288860000001,
        0.013943539860000001,
        0.014569205860000002,
        0.01423703886,
        0.014188747860000002,
        0.014016663860000002,
        0.014123997860000003,
        0.014283039860000001,
        0.01503503986,
        0.014271830860000003,
        0.015015538860000002,
        0.013664080860000002,
        0.01405120586,
        0.01437024686,
        0.01434249686,
        0.013998038860000001,
        0.01429320586,
        0.014478455860000001,
        0.014316997860000001,
        0.014380247860000002,
        0.01374533086,
        0.014322288860000002,
        0.014359621860000003,
        0.013866371860000002,
        0.014085121860000003,
        0.01385762286,
        0.014921621860000003,
        0.014085163860000001,
        0.01441378986,
        0.01385191486,
        0.013908913860000002,
        0.014187455860000002,
        0.013787414860000001,
        0.014005746860000003,
        0.013698455860000002,
        0.014639621860000002,
        0.014209830860000003,
        0.01479641486,
        0.013738372860000002,
        0.014410247860000001,
        0.014306955860000003,
        0.014054622860000003,
        0.01362720586,
        0.01508641386,
        0.014350414860000002,
        0.013950830860000001,
        0.01353366486,
        0.014869413860000001,
        0.01473445586,
        0.01457041486,
        0.013768330860000002,
        0.01404353986,
        0.01365374786,
        0.01395408086,
        0.014145539860000002,
        0.014183122860000003,
        0.014011205860000002,
        0.013882746860000001,
        0.013809205860000002,
        0.013976539860000003,
        0.013864122860000003,
        0.013602330860000003,
        0.01359345586,
        0.013793788860000001,
        0.01479499786,
        0.014264246860000001,
        0.014210664860000001,
        0.01374441386,
        0.014358121860000001,
        0.014163830860000002,
        0.01439991386,
        0.013557747860000002,
        0.014012497860000002,
        0.01447666386,
        0.013838330860000003,
        0.01363549786,
        0.01428345586,
        0.014060122860000001,
        0.01422395586,
        0.01427749686,
        0.013751205860000002,
        0.01398312286,
        0.013609913860000001
      ],
      "exit_codes": [
        0,
        0,
        0,
        0,
        0,
        0,
        0,
        0,
        0,
        0,
        0,
        0,
        0,
        0,
        0,
        0,
        0,
        0,
        0,
        0,
        0,
        0,
        0,
        0,
        0,
        0,
        0,
        0,
        0,
        0,
        0,
        0,
        0,
        0,
        0,
        0,
        0,
        0,
        0,
        0,
        0,
        0,
        0,
        0,
        0,
        0,
        0,
        0,
        0,
        0,
        0,
        0,
        0,
        0,
        0,
        0,
        0,
        0,
        0,
        0,
        0,
        0,
        0,
        0,
        0,
        0,
        0,
        0,
        0,
        0,
        0,
        0,
        0,
        0,
        0,
        0,
        0,
        0,
        0,
        0,
        0,
        0,
        0,
        0,
        0,
        0,
        0,
        0,
        0,
        0,
        0,
        0,
        0,
        0,
        0,
        0,
        0,
        0,
        0,
        0,
        0,
        0,
        0,
        0,
        0,
        0,
        0,
        0,
        0,
        0,
        0,
        0,
        0,
        0,
        0,
        0,
        0,
        0,
        0,
        0,
        0,
        0,
        0,
        0,
        0,
        0,
        0,
        0,
        0,
        0,
        0,
        0,
        0,
        0,
        0,
        0,
        0,
        0,
        0,
        0,
        0,
        0,
        0,
        0,
        0,
        0,
        0,
        0,
        0,
        0,
        0,
        0,
        0,
        0,
        0,
        0,
        0,
        0,
        0,
        0,
        0,
        0,
        0,
        0,
        0,
        0,
        0,
        0,
        0,
        0,
        0,
        0,
        0,
        0,
        0,
        0,
        0,
        0,
        0,
        0,
        0
      ],
      "parameters": {
        "pt": "1"
      }
    },
    {
      "command": "bun run part2.ts",
      "mean": 0.04225152421820895,
      "stddev": 0.0003598193295346271,
      "median": 0.042210372860000005,
      "user": 0.042495455820895534,
      "system": 0.00345499014925373,
      "min": 0.041774705860000004,
      "max": 0.04390137286,