{
  "results": [
    {
      "command": "bun run part1.ts",
      "mean": 0.018170748517350996,
      "stddev": 0.00038045314917846905,
      "median": 0.01816690812,
      "user": 0.01528409337748344,
      "system": 0.007513501854304635,
      "min": 0.017405241119999998,
      "max": 0.01920107412,
      "times": [
        0.017605741120000004,
        0.01827944912,
        0.01843553312,
        0.01750194912,
        0.01812557412,
        0.01840078312,
        0.018412365120000003,
        0.018332240120000003,
        0.018253407120000002,
        0.01795699112,
        0.018283990120000003,
        0.018205699120000002,
        0.018123990120000003,
        0.018458199119999998,
        0.01764149012,
        0.01849669912,
        0.018018907120000004,
        0.018205574119999998,
        0.01796774112,
        0.01793811512,
        0.01831128312,
        0.01882486512,
        0.01854969912,
        0.017854449119999997,
        0.018211033119999998,
        0.018163324119999998,
        0.01855303212,
        0.017447616120000002,
        0.01781103212,
        0.018089491120000002,
        0.01765386612,
        0.01892232412,
        0.01842724012,
        0.01871432412,
        0.01798840712,
        0.018196824120000003,
        0.01787194912,
        0.01813499112,
        0.017797949120000003,
        0.01808019912,
        0.017913616120000003,
        0.01798011612,
        0.017716782120000003,
        0.01842640812,
        0.01799590712,
        0.01791119912,
        0.018320491120000004,
        0.01804915712,
        0.01744644912,
        0.01765824112,
        0.01763261612,
        0.018066824119999998,
        0.018320824120000002,
        0.01915365812,
        0.01848586612,
        0.01800424112,
        0.01853078212,
        0.018199408120000003,
        0.017790115119999998,
        0.018693241120000002,
        0.019175365120000003,
        0.01838699112,
        0.01810519912,
        0.01846011612,
        0.018478949119999998,
        0.01876257412,
        0.018072116120000002,
        0.017622949120000002,
        0.018203241119999998,
        0.018702991119999998,
        0.01838365812,
        0.01856678212,
        0.01844719912,
        0.01781157412,
        0.018639491120000004,
        0.01903124112,
        0.01775728312,
        0.018052407120000002,
        0.017405241119999998,
        0.01796324012,
        0.01777940712,
        0.018316616120000004,
        0.01867515812,
        0.018191116120000003,
        0.01827032412,
        0.017891115120000002,
        0.018195783120000003,
        0.018014240120000004,
        0.018392866120000004,
        0.01785744912,
        0.017984449120000003,
        0.018619074120000002,
        0.01790757412,
        0.01851149112,
        0.01810640712,
        0.017691324120000004,
        0.018409949119999998,
        0.01812090812,
        0.01808828212,
        0.017850574120000004,
        0.018394491120000002,
        0.01858903312,
        0.018197115120000003,
        0.01826565712,
        0.01767019912,
        0.01781361612,
        0.018082741120000002,
        0.017783366119999998,
        0.017860741120000002,
        0.018166449120000004,
        0.017807074120000002,
        0.01762457412,
        0.017842324120000003,
        0.018101116120000003,
        0.01816690812,
        0.017509324120000003,
        0.018575740120000003,
        0.018242990120000004,
        0.01781778212,
        0.01875374112,
        0.01788774112,
        0.01768090712,
        0.01844674112,
        0.018668074120000003,
        0.01816849012,
        0.018734699120000003,
        0.017946282120000004,
        0.01796744912,
        0.01753411512,
        0.01817386612,
        0.01866319912,
        0.018261949120000003,
        0.018845491120000002,
        0.01841994912,
        0.018377115120000002,
        0.01902215712,
        0.018493282120000003,
        0.01820524012,
        0.018234990120000003,
        0.017936949120000004,
        0.01806153312,
        0.017434866120000003,
        0.01800199012,
        0.01818140712,
        0.01817257412,
        0.01851928212,
        0.01768190812,
        0.01920107412,
        0.01842461512,
        0.01804082412,
        0.017682282120000004
      ],
      "exit_codes": [
        0,
        0,
        0,
        0,
        0,
        0,
        0,
        0,
        0,
        0,
        0,
        0,
        0,
        0,
        0,
        0,
        0,
        0,
        0,
        0,
        0,
        0,
        0,
        0,
        0,
        0,
        0,
        0,
        0,
        0,
        0,
        0,
        0,
        0,
        0,
        0,
        0,
        0,
        0,
        0,
        0,
        0,
        0,
        0,
        0,
        0,
        0,
        0,
        0,
        0,
        0,
        0,
        0,
        0,
        0,
        0,
        0,
        0,
        0,
        0,
        0,
        0,
        0,
        0,
        0,
        0,
        0,
        0,
        0,
        0,
        0,
        0,
        0,
        0,
        0,
        0,
        0,
        0,
        0,
        0,
        0,
        0,
        0,
        0,
        0,
        0,
        0,
        0,
        0,
        0,
        0,
        0,
        0,
        0,
        0,
        0,
        0,
        0,
        0,
        0,
        0,
        0,
        0,
        0,
        0,
        0,
        0,
        0,
        0,
        0,
        0,
        0,
        0,
        0,
        0,
        0,
        0,
        0,
        0,
        0,
        0,
        0,
        0,
        0,
        0,
        0,
        0,
        0,
        0,
        0,
        0,
        0,
        0,
        0,
        0,
        0,
        0,
        0,
        0,
        0,
        0,
        0,
        0,
        0,
        0,
        0,
        0,
        0,
        0,
        0,
        0
      ],
      "parameters": {
        "pt": "1"
      }
    },
    {
      "command": "bun run part2.ts",
      "mean": 0.017264202260127395,
      "stddev": 0.0004712505764056658,
      "median": 0.01724407412,
      "user": 0.015555399363057321,
      "system": 0.00727447426751592,
      "min": 0.016227907120000003,
      "max": 0.01882736512,