{
  "results": [
    {
      "command": "bun run part1.ts",
      "mean": 0.008448485614339618,
      "stddev": 0.00023468116947401608,
      "median": 0.008434092520000002,
      "user": 0.007918953962264145,
      "system": 0.00369777509433962,
      "min": 0.007865633520000002,
      "max": 0.00963092652,
      "times": [
        0.008554467520000001,
        0.00832288452,
        0.00858692652,
        0.00855084252,
        0.00828105052,
        0.00834238452,
        0.008574425520000001,
        0.008650759520000002,
        0.00826842552,
        0.00842300952,
        0.008107967520000002,
        0.008345259520000002,
        0.008678801520000001,
        0.00839996752,
        0.00832992552,
        0.008411009520000002,
        0.008289509520000002,
        0.00844963352,
        0.008648092520000001,
        0.00846838452,
        0.00847305052,
        0.008349967520000001,
        0.00808871752,
        0.008427759520000001,
        0.008523926519999999,
        0.008387134520000002,
        0.008535092520000002,
        0.008192300520000001,
        0.00805880052,
        0.008512259519999999,
        0.008632883520000002,
        0.008339176520000002,
        0.008384426520000002,
        0.00837280152,
        0.008066467520000002,
        0.008584134520000002,
        0.00880646752,
        0.008762050520000002,
        0.00832021752,
        0.008870092520000001,
        0.00857371752,
        0.008504675520000001,
        0.00814746752,
        0.008611342520000002,
        0.009199425520000002,
        0.008511675520000001,
        0.008219217520000002,
        0.00843596752,
        0.008457967520000002,
        0.00827855052,
        0.00862838452,
        0.008303508519999999,
        0.008429717520000001,
        0.00841821752,
        0.00822309252,
        0.008142717520000002,
        0.008489217520000002,
        0.00875159252,
        0.008460300520000002,
        0.00848450852,
        0.008702550520000001,
        0.008214175520000002,
        0.008609175520000002,
        0.008457467520000001,
        0.008392967519999999,
        0.00836117552,
        0.008448509520000001,
        0.008144509519999999,
        0.00860271752,
        0.00851338352,
        0.008314259520000002,
        0.00846567552,
        0.00827067552,
        0.008226467519999999,
        0.008645051520000002,
        0.008644675520000002,
        0.008716300520000001,
        0.008377717520000001,
        0.008342259519999999,
        0.008201342520000002,
        0.008569217520000002,
        0.00827725852,
        0.008429467520000001,
        0.00845571752,
        0.008344133520000001,
        0.008158259520000002,
        0.008780592520000002,
        0.008504259520000002,
        0.00832355052,
        0.008343592520000002,
        0.00824859252,
        0.00832446752,
        0.009377967520000002,
        0.00844455152,
        0.00828684252,
        0.008029508519999999,
        0.008110967520000002,
        0.007865633520000002,
        0.00857955152,
        0.00870955152,
        0.008614176519999999,
        0.008680051519999999,
        0.00842938452,
        0.00838292552,
        0.00864050852,
        0.008457550519999999,
        0.00867963452,
        0.008490884520000002,
        0.008503592520000002,
        0.00822396752,
        0.00859025952,
        0.00873380152,
        0.00853871752,
        0.00838088452,
        0.008559259520000001,
        0.00825992552,
        0.008393759520000002,
        0.00824546752,
        0.00856771752,
        0.00815630052,
        0.00856980052,
        0.008285508520000002,
        0.008515550520000002,
        0.008423842520000002,
        0.008709550520000001,
        0.00839580052,
        0.00850559252,
        0.008186967520000001,
        0.00861671752,
        0.00846513452,
        0.008486758520000002,
        0.00838413452,
        0.00841121752,
        0.00798163452,
        0.00825121752,
        0.009309800520000001,
        0.00963092652,
        0.008768509520000002,
        0.00877988452,
        0.008569759520000001,
        0.00855592652,
        0.00847500852,
        0.00795075952,
        0.00857875852,
        0.00850780152,
        0.008369259520000002,
        0.008376550520000001,
        0.00831409252,
        0.008171675520000001,
        0.00861555152,
        0.00849242552,
        0.00854142552,
        0.00859963452,
        0.008434092520000002,
        0.008146467520000002,
        0.00874525952,
        0.00842780052,
        0.00861338352,
        0.008523467520000001,
        0.008761384520000002,
        0.008403217520000002,
        0.00823484252,
        0.008465592520000002,
        0.00847842552,
        0.00891371752,
        0.008998551520000002,
        0.008393634520000002,
        0.008369384520000002,
        0.008380134520000002,
        0.008226759520000002,
        0.00823759252,
        0.00877846752,
        0.00909784252,
        0.008516842520000002,
        0.008683967520000002,
        0.00848409252,
        0.00828555052,
        0.008263467520000001,
        0.00822459252,
        0.00881696752,
        0.00867859252,
        0.008493592519999999,
        0.008265675520000001,
        0.008298092520000001,
        0.008269967520000001,
        0.008282675520000001,
        0.008492467520000001,
        0.00846113452,
        0.008346592520000001,
        0.00835155052,
        0.00820221752,
        0.008278217520000002,
        0.008666092520000002,
        0.008445675520000001,
        0.00815146752,
        0.008229467520000002,
        0.00813800852,
        0.00830671752,
        0.008761884520000002,
        0.00874550952,
        0.008427884520000001,
        0.00868405052,
        0.00842692552,
        0.008344342519999999,
        0.008034342520000001,
        0.008438800520000001,
        0.00841184252,
        0.008177342520000002,
        0.009529926520000002,
        0.008654301520000001,
        0.00847634252,
        0.00845709252,
        0.008369509520000002,
        0.00806446752,
        0.008584425520000001,
        0.00852530152,
        0.008901301520000002,
        0.00833559252,
        0.008778133520000002,
        0.00844246752,
        0.00827567652,
        0.00844067552,
        0.008137050520000001,
        0.008462217520000002,
        0.00848555052,
        0.00823367552,
        0.008441384520000001,
        0.00828334252,
        0.00823300952,
        0.00841625952,
        0.00846763352,
        0.00862038452,
        0.00832188452,
        0.008304967520000001,
        0.008393758519999999,
        0.00843275952,
        0.008191592520000002,
        0.008454883520000001,
        0.00850938352,
        0.00830409252,
        0.00844030052,
        0.008511926520000001,
        0.00838917552,
        0.008568342520000001,
        0.00836480052,
        0.008506176520000002,
        0.00810050852,
        0.00820605052,
        0.00833084252,
        0.008274717520000002,
        0.00836800952,
        0.00853946752,
        0.008205384520000001,
        0.008675009520000002,
        0.00836117652,
        0.008500259520000001,
        0.008511633519999999,
        0.00853475952,
        0.008158842520000001,
        0.00851467552,
        0.00841796752,
        0.00843896752,
        0.00837475952,
        0.008354342520000002,
        0.008171509520000002
      ],