{
  "results": [
    {
      "command": "bun run part1.ts",
      "mean": 0.016987970317142866,
      "stddev": 0.0007289048476646311,
      "median": 0.01692756646,
      "user": 0.016067849350649345,
      "system": 0.005377800000000003,
      "min": 0.01570879546,
      "max": 0.02263762846,
      "times": [
        0.01695733746,
        0.01776229546,
        0.01731350446,
        0.01693712846,
        0.01735025446,
        0.01700071246,
        0.019497504460000002,
        0.017187670460000002,
        0.01694008746,
        0.017408629460000002,
        0.016942462460000002,
        0.017035421460000002,
        0.01652408746,
        0.01731354546,
        0.01705796246,
        0.017016629460000002,
        0.01699104546,
        0.017501212460000002,
        0.018436670460000002,
        0.01659004546,
        0.01690475346,
        0.01667996246,
        0.01813221246,
        0.01716500446,
        0.01657500346,
        0.01739779546,
        0.01680779546,
        0.01636912946,
        0.01702979646,
        0.01688625446,
        0.01655250446,
        0.01658962946,
        0.01749371246,
        0.01720717046,
        0.01687687946,
        0.01597529646,
        0.01712354646,
        0.01672679546,
        0.016431796460000002,
        0.01673837946,
        0.01635292046,
        0.01647542046,
        0.01785192146,
        0.01673467046,
        0.02263762846,
        0.01977504546,
        0.01658454546,
        0.017108962460000002,
        0.01646458746,
        0.01635050346,
        0.01656158746,
        0.01757579546,
        0.01736187946,
        0.01668008746,
        0.01756479646,
        0.01624625446,
        0.01723646246,
        0.01758712846,
        0.01700967046,
        0.01652033746,
        0.017107795460000002,
        0.01749262846,
        0.01717742146,
        0.01720375446,
        0.01681804546,
        0.01632904546,
        0.01639454546,
        0.016622921460000002,
        0.01691179646,
        0.01682358746,
        0.01616175446,
        0.01680229546,
        0.01701362846,
        0.01629750446,
        0.01686717146,
        0.01703083746,
        0.017015462460000002,
        0.01680262946,
        0.01767733746,
        0.01758658746,
        0.016839879460000002,
        0.01570879546,
        0.01712575346,
        0.01664229646,
        0.01615646246,
        0.016774004460000002,
        0.01710029546,
        0.01694062846,
        0.01647367046,
        0.01589667146,
        0.01766458746,
        0.017097921460000002,
        0.017223462460000002,
        0.016523753460000002,
        0.01710504546,
        0.016703087460000002,
        0.016760004460000002,
        0.01736462946,
        0.018342129460000002,
        0.01613846246,
        0.01767812946,
        0.01730521246,
        0.018117295460000002,
        0.016212004460000002,
        0.01649900346,
        0.017466587460000002,
        0.01700633746,
        0.01741258746,
        0.01717929546,
        0.016030337460000002,
        0.01601275446,
        0.01691733746,
        0.01642612946,
        0.01712279546,
        0.01686950446,
        0.01654212846,
        0.01691971246,
        0.01638767046,
        0.01706971246,
        0.01661271246,
        0.01649050446,
        0.017440004460000002,
        0.01678721246,
        0.017265462460000002,
        0.017319420460000002,
        0.016575087460000002,
        0.01611783746,
        0.01611246246,
        0.01683325446,
        0.01752242146,
        0.017285962460000002,
        0.01705650346,
        0.01718912946,
        0.017085503460000002,
        0.01738992046,
        0.01718854646,
        0.01729946246,
        0.01663075346,
        0.01667854546,
        0.01690521246,
        0.016852462460000002,
        0.01712237946,
        0.01656692146,
        0.01693542046,
        0.01674408746,
        0.017027379460000002,
        0.01734921246,
        0.01655671246,
        0.01667667146,
        0.01678475446,
        0.01641004646,
        0.01646904546,
        0.01629583746,
        0.016569920460000002
      ],
      "exit_codes": [
        0,
        0,
        0,
        0,
        0,
        0,
        0,
        0,
        0,
        0,
        0,
        0,
        0,
        0,
        0,
        0,
        0,
        0,
        0,
        0,
        0,
        0,
        0,
        0,
        0,
        0,
        0,
        0,
        0,
        0,
        0,
        0,
        0,
        0,
        0,
        0,
        0,
        0,
        0,
        0,
        0,
        0,
        0,
        0,
        0,
        0,
        0,
        0,
        0,
        0,
        0,
        0,
        0,
        0,
        0,
        0,
        0,
        0,
        0,
        0,
        0,
        0,
        0,
        0,
        0,
        0,
        0,
        0,
        0,
        0,
        0,
        0,
        0,
        0,
        0,
        0,
        0,
        0,
        0,
        0,
        0,
        0,
        0,
        0,
        0,
        0,
        0,
        0,
        0,
        0,
        0,
        0,
        0,
        0,
        0,
        0,
        0,
        0,
        0,
        0,
        0,
        0,
        0,
        0,
        0,
        0,
        0,
        0,
        0,
        0,
        0,
        0,
        0,
        0,
        0,
        0,
        0,
        0,
        0,
        0,
        0,
        0,
        0,
        0,
        0,
        0,
        0,
        0,
        0,
        0,
        0,
        0,
        0,
        0,
        0,
        0,
        0,
        0,
        0,
        0,
        0,
        0,
        0,
        0,
        0,
        0,
        0,
        0,
        0,
        0,
        0,
        0,
        0,
        0
      ],
      "parameters": {
        "pt": "1"
      }
    },
    {
      "command": "bun run part2.ts",
      "mean": 0.01734070864181818,
      "stddev": 0.0014520475945661896,
      "median": 0.01705546246,
      "user": 0.01623124545454546,
      "system": 0.005425170129870128,
      "min": 0.01578375346,
      "max": 0.025729420460000003,