{
  "results": [
    {
      "command": "bun run part1.ts",
      "mean": 4.93195643166,
      "stddev": 0.04471565915312991,
      "median": 4.90262492746,
      "user": 5.0004831,
      "system": 0.08506477999999999,
      "min": 4.88946444796,
      "max": 4.98738219896,
      "times": [
        4.98738219896,
        4.89576665696,
        4.90075807296,
        4.98195494796,
        4.8998708649600005,
        4.88946444796,
        4.98419098996,
        4.90449178196,
        4.98116315696,
        4.89452119796
      ],
      "exit_codes": [
        0,
        0,
        0,
        0,
        0,
        0,
        0,
        0,
        0,
        0
      ],
      "parameters": {
        "pt": "1"
      }
    },
    {
      "command": "bun run part2.ts",
      "mean": 0.20404905831714287,
      "stddev": 0.001209667798110427,
      "median": 0.20420840646,
      "user": 0.2159224571428571,
      "system": 0.019190208571428568,
      "min": 0.20168040596,
      "max": 0.20651886496000002,
      "times": [
        0.20271748996,
        0.20479732396,
        0.20168040596,
        0.20468607296000002,
        0.20420461496,
        0.20511290696,
        0.20651886496000002,
        0.20394282296000002,
        0.20291990596,
        0.20293232296000002,
        0.20421219796,
        0.20466473996,
        0.20462753196,
        0.20366961496000002
      ],
      "exit_codes": [
        0,
        0,
        0,
        0,
        0,
        0,
        0,
        0,
        0,
        0,
        0,
        0,
        0,
        0
      ],
      "parameters": {
        "pt": "2"
      }
    }
  ]
}
