{
  "results": [
    {
      "command": "bun run part1.ts",
      "mean": 53.90917541924,
      "stddev": 0.23130731273382427,
      "median": 53.99497333184,
      "user": 53.84854104,
      "system": 0.8683443599999998,
      "min": 53.481798040339996,
      "max": 54.13067737334,
      "times": [
        53.87037437334,
        54.06025508234,
        53.53986637334,
        54.13067737334,
        53.481798040339996,
        53.83592308134,
        54.106476123339995,
        53.96256299834,
        54.076437081339996,
        54.02738366534
      ],
      "exit_codes": [
        0,
        0,
        0,
        0,
        0,
        0,
        0,
        0,
        0,
        0
      ],
      "parameters": {
        "pt": "1"
      }
    },
    {
      "command": "bun run part2.ts",
      "mean": 54.15890334854,
      "stddev": 0.2245699138242236,
      "median": 54.06868085284,
      "user": 54.02751153999999,
      "system": 0.84637666,
      "min": 53.930462581339995,
      "max": 54.480800998339994,
      "times": [
        54.480800998339994,
        54.02217749834,
        53.930462581339995,
        54.42565954034,
        54.23606891534,
        53.93772924834,
        54.11518420733999,
        54.462645957339994,
        54.017030665339995,
        53.96127387334
      ],
      "exit_codes": [
        0,
        0,
        0,
        0,
        0,
        0,
        0,
        0,
        0,
        0
      ],
      "parameters": {
        "pt": "2"
      }
    }
  ]
}
