{
  "results": [
    {
      "command": "bun run part1.ts",
      "mean": 0.043530512354375016,
      "stddev": 0.0005288728037405337,
      "median": 0.04342756162,
      "user": 0.04466581937500002,
      "system": 0.010473674999999997,
      "min": 0.042404687120000006,
      "max": 0.04490052012,
      "times": [
        0.04398247912,
        0.043637104120000006,
        0.04352427012000001,
        0.043225562120000005,
        0.04311285412,
        0.04390993612000001,
        0.04330164512,
        0.043680479120000004,
        0.043325478120000004,
        0.043436687120000005,
        0.043041478120000004,
        0.04334856212,
        0.04446931112000001,
        0.04335172812,
        0.042404687120000006,
        0.043177312120000005,
        0.04398839512,
        0.04275531212000001,
        0.04340781112000001,
        0.043454062120000005,
        0.04294256212000001,
        0.043434895120000004,
        0.042715145120000006,
        0.04404993712000001,
        0.043436187120000004,
        0.04403143712,
        0.043745229120000007,
        0.04313206212,
        0.043065062120000004,
        0.04490052012,
        0.044374436120000006,
        0.04262481112,
        0.043174520120000004,
        0.043659729120000004,
        0.044449937120000005,
        0.043571312120000004,
        0.043189061120000004,
        0.04402885412,
        0.04336285412,
        0.043198895120000004,
        0.043230437120000006,
        0.043101854120000005,
        0.04342022812,
        0.04459222812000001,
        0.043121811120000006,
        0.04429710312000001,
        0.04380564512000001,
        0.04408722812,
        0.04350189512,
        0.04298781212,
        0.04325552012,
        0.04341472812,
        0.04371693712000001,
        0.04287281112000001,
        0.04348197812000001,
        0.04334810312,
        0.044695061120000004,
        0.043624978120000005,
        0.04409197812000001,
        0.04318235312,
        0.043349812120000004,
        0.04284777012,
        0.04434418712,
        0.043957729120000004
      ],
      "exit_codes": [
        0,
        0,
        0,
        0,
        0,
        0,
        0,
        0,
        0,
        0,
        0,
        0,
        0,
        0,
        0,
        0,
        0,
        0,
        0,
        0,
        0,
        0,
        0,
        0,
        0,
        0,
        0,
        0,
        0,
        0,
        0,
        0,
        0,
        0,
        0,
        0,
        0,
        0,
        0,
        0,
        0,
        0,
        0,
        0,
        0,
        0,
        0,
        0,
        0,
        0,
        0,
        0,
        0,
        0,
        0,
        0,
        0,
        0,
        0,
        0,
        0,
        0,
        0,
        0
      ],
      "parameters": {
        "pt": "1"
      }
    },
    {
      "command": "bun run part2.ts",
      "mean": 0.052366156063396244,
      "stddev": 0.0005735191069435132,
      "median": 0.052310436120000005,
      "user": 0.058540148679245285,
      "system": 0.012008318867924528,
      "min": 0.05120993712000001,
      "max": 0.053475686120000004,
      "times": [
        0.053403562120000005,
        0.05290943712000001,
        0.05175639512000001,
        0.052889020120000005,
        0.05206777012,
        0.053091312120000005,
        0.05276647812,
        0.052985770120000004,
        0.05175810412,
        0.053006978120000006,
        0.051401437120000004,
        0.052978811120000004,
        0.05192068712,
        0.052314854120000004,
        0.05204243612000001,
        0.053475686120000004,
        0.051762395120000006,
        0.05245010412000001,
        0.052107061120000006,
        0.051930728120000005,
        0.05328389512000001,
        0.05211656212000001,
        0.05215964512000001,
        0.05268114512,
        0.052508603120000004,
        0.05120993712000001,
        0.05234735312,
        0.05247031212000001,
        0.051910978120000006,
        0.051737312120000004,
        0.052409478120000005,
        0.052234145120000006,
        0.05173381112000001,
        0.051651895120000006,
        0.05222572912,
        0.052206937120000005,
        0.052010395120000004,
        0.05240047812,
        0.05260756112000001,
        0.05193289512,
        0.051791978120000005,
        0.05282352012,
        0.05335593712,
        0.05199077012,
        0.051424228120000005,
        0.051549478120000006,
        0.053114645120000005,
        0.052867437120000006,
        0.053121687120000004,
        0.05229731112,
        0.052838936120000006,
        0.05306181112,
        0.052310436120000005
      ],
      "exit_codes": [
        0,
        0,
        0,
        0,
        0,
        0,
        0,
        0,
        0,
        0,
        0,
        0,
        0,
        0,
        0,
        0,
        0,
        0,
        0,
        0,
        0,
        0,
        0,
        0,
        0,
        0,
        0,
        0,
        0,
        0,
        0,
        0,
        0,
        0,
        0,
        0,
        0,
        0,
        0,
        0,
        0,
        0,
        0,
        0,
        0,
        0,
        0,
        0,
        0,
        0,
        0,
        0,
        0
      ],
      "parameters": {
        "pt": "2"
      }
    }
  ]
}
