{
  "results": [
    {
      "command": "bun run part1.ts",
      "mean": 0.02120120031906977,
      "stddev": 0.0008388594541193174,
      "median": 0.021180366040000002,
      "user": 0.02193306604651162,
      "system": 0.007022208062015506,
      "min": 0.020088783040000002,
      "max": 0.02718615904,
      "times": [
        0.02060761704,
        0.02179128404,
        0.020980533040000002,
        0.02174640804,
        0.021220534040000003,
        0.02183590804,
        0.02169795004,
        0.021627450040000003,
        0.02152211604,
        0.02177520004,
        0.02051690804,
        0.02119270004,
        0.021346200040000003,
        0.02059795004,
        0.021136783040000003,
        0.020665950040000002,
        0.02106578304,
        0.02214532504,
        0.02108370004,
        0.020714700040000002,
        0.02144815804,
        0.021252866040000002,
        0.021143783040000003,
        0.022336408040000002,
        0.020561575040000002,
        0.021385241040000003,
        0.021992492040000002,
        0.020610450040000002,
        0.02198986704,
        0.02163536604,
        0.020662200040000002,
        0.02137782504,
        0.02060182504,
        0.022117783040000002,
        0.02124424104,
        0.02075874204,
        0.020719617040000003,
        0.02162186604,
        0.02112270004,
        0.021367741040000002,
        0.02089978304,
        0.021612034040000002,
        0.021531367040000002,
        0.02127420004,
        0.02099015804,
        0.021008408040000003,
        0.02026974204,
        0.02176086704,
        0.020097200040000002,
        0.02074690804,
        0.021056242040000003,
        0.02032161704,
        0.02170945004,
        0.02197820004,
        0.021237533040000003,
        0.021187867040000002,
        0.02103311704,
        0.02049678304,
        0.02040236704,
        0.021008408040000003,
        0.021397825040000002,
        0.02040236704,
        0.020441741040000003,
        0.02077115804,
        0.02195132504,
        0.02124874104,
        0.020786408040000003,
        0.02085353404,
        0.02191220004,
        0.020858617040000003,
        0.02059299204,
        0.02120595004,
        0.02191140804,
        0.020538492040000002,
        0.02172470004,
        0.020624825040000003,
        0.02167461604,
        0.02136815804,
        0.021813159040000002,
        0.021467700040000003,
        0.02107086704,
        0.02718615904,
        0.02284290904,
        0.02449449104,
        0.021198617040000003,
        0.02163845004,
        0.02099382504,
        0.021466784040000002,
        0.02138486704,
        0.02035920004,
        0.021024241040000002,
        0.02082928304,
        0.02040165804,
        0.02119765904,
        0.020540659040000003,
        0.020447575040000002,
        0.02152574104,
        0.021007658040000002,
        0.02097657504,
        0.02187770004,
        0.02032020004,
        0.021859450040000002,
        0.021180366040000002,
        0.020279117040000003,
        0.021297575040000002,
        0.020294325040000002,
        0.02146545004,
        0.02150970004,
        0.02162457504,
        0.02056395004,
        0.02135624204,
        0.020967825040000002,
        0.02017524204,
        0.02039036604,
        0.020310408040000002,
        0.021453450040000002,
        0.02186628304,
        0.02040057504,
        0.02080890804,
        0.02014878304,
        0.02013957504,
        0.020478200040000002,
        0.022178825040000003,
        0.02211953304,
        0.02024674204,
        0.020088783040000002,
        0.02186711704,
        0.021329366040000002,
        0.02037907504
      ],
      "exit_codes": [
        0,
        0,
        0,
        0,
        0,
        0,
        0,
        0,
        0,
        0,
        0,
        0,
        0,
        0,
        0,
        0,
        0,
        0,
        0,
        0,
        0,
        0,
        0,
        0,
        0,
        0,
        0,
        0,
        0,
        0,
        0,
        0,
        0,
        0,
        0,
        0,
        0,
        0,
        0,
        0,
        0,
        0,
        0,
        0,
        0,
        0,
        0,
        0,
        0,
        0,
        0,
        0,
        0,
        0,
        0,
        0,
        0,
        0,
        0,
        0,
        0,
        0,
        0,
        0,
        0,
        0,
        0,
        0,
        0,
        0,
        0,
        0,
        0,
        0,
        0,
        0,
        0,
        0,
        0,
        0,
        0,
        0,
        0,
        0,
        0,
        0,
        0,
        0,
        0,
        0,
        0,
        0,
        0,
        0,
        0,
        0,
        0,
        0,
        0,
        0,
        0,
        0,
        0,
        0,
        0,
        0,
        0,
        0,
        0,
        0,
        0,
        0,
        0,
        0,
        0,
        0,
        0,
        0,
        0,
        0,
        0,
        0,
        0,
        0,
        0,
        0,
        0,
        0,
        0
      ],
      "parameters": {
        "pt": "1"
      }
    },
    {
      "command": "bun run part2.ts",
      "mean": 0.02279997474400002,
      "stddev": 0.0006588849270529089,
      "median": 0.02275020004,
      "user": 0.024189952,
      "system": 0.007007056000000003,
      "min": 0.02147553304,
      "max": 0.025290325040000002,