{
  "results": [
    {
      "command": "bun run part1.ts",
      "mean": 0.025878789361071432,
      "stddev": 0.0015200914355227746,
      "median": 0.025470225620000002,
      "user": 0.024956231785714277,
      "system": 0.009641349285714288,
      "min": 0.024103996620000002,
      "max": 0.03152095462,
      "times": [
        0.02422545462,
        0.025470871620000002,
        0.02538116362,
        0.02457099662,
        0.02582195462,
        0.025479912620000003,
        0.02540233062,
        0.02608349662,
        0.030002746620000003,
        0.02942920562,
        0.02611137162,
        0.02473412162,
        0.02546466362,
        0.02594807962,
        0.025197787620000002,
        0.024741954620000003,
        0.02553216262,
        0.025996537620000003,
        0.025610246620000002,
        0.025419871620000003,
        0.02590787162,
        0.02540362162,
        0.025301246620000002,
        0.024475871620000002,
        0.025126704620000002,
        0.02479403862,
        0.02528083062,
        0.02478091362,
        0.02598724662,
        0.026750163620000003,
        0.03152095462,
        0.030452454620000003,
        0.02852262162,
        0.02583553862,
        0.028742371620000002,
        0.02824378862,
        0.02562653862,
        0.02744787162,
        0.02584282962,
        0.024958371620000003,
        0.02681212162,
        0.024103996620000002,
        0.02560678862,
        0.025634996620000003,
        0.02749628862,
        0.024847746620000003,
        0.02464074662,
        0.029138579620000004,
        0.031233621620000002,
        0.028165204620000002,
        0.027883663620000002,
        0.027625371620000002,
        0.02476912162,
        0.027476371620000002,
        0.02745141262,
        0.02631187162,
        0.02466316362,
        0.025617746620000003,
        0.02491432962,
        0.02440070462,
        0.02476649662,
        0.02490162162,
        0.02528199662,
        0.025278037620000002,
        0.024984955620000002,
        0.02556749662,
        0.024579204620000003,
        0.028500912620000003,
        0.025469579620000002,
        0.027172288620000002,
        0.025888913620000002,
        0.02488428862,
        0.02574724662,
        0.02560591362,
        0.02435795562,
        0.02500603762,
        0.024791621620000003,
        0.02582178862,
        0.026162788620000002,
        0.02469053862,
        0.02437099662,
        0.02478362162,
        0.02555945562,
        0.02953895462,
        0.02713941262,
        0.025968037620000002,
        0.02481878762,
        0.02560695462,
        0.02485795462,
        0.02465941362,
        0.02452432962,
        0.02492070462,
        0.024818080620000002,
        0.02505466362,
        0.02647832962,
        0.025703496620000002,
        0.02718491262,
        0.025366454620000003,
        0.02555457962,
        0.02512507962,
        0.025756121620000003,
        0.024963204620000002,
        0.02461674662,
        0.024803788620000003,
        0.02505157962,
        0.02447153862,
        0.02579053862,
        0.02491537162,
        0.02526470462,
        0.02585199662,
        0.02465582962,
        0.02436845462
      ],
      "exit_codes": [
        0,
        0,
        0,
        0,
        0,
        0,
        0,
        0,
        0,
        0,
        0,
        0,
        0,
        0,
        0,
        0,
        0,
        0,
        0,
        0,
        0,
        0,
        0,
        0,
        0,
        0,
        0,
        0,
        0,
        0,
        0,
        0,
        0,
        0,
        0,
        0,
        0,
        0,
        0,
        0,
        0,
        0,
        0,
        0,
        0,
        0,
        0,
        0,
        0,
        0,
        0,
        0,
        0,
        0,
        0,
        0,
        0,
        0,
        0,
        0,
        0,
        0,
        0,
        0,
        0,
        0,
        0,
        0,
        0,
        0,
        0,
        0,
        0,
        0,
        0,
        0,
        0,
        0,
        0,
        0,
        0,
        0,
        0,
        0,
        0,
        0,
        0,
        0,
        0,
        0,
        0,
        0,
        0,
        0,
        0,
        0,
        0,
        0,
        0,
        0,
        0,
        0,
        0,
        0,
        0,
        0,
        0,
        0,
        0,
        0,
        0,
        0
      ],
      "parameters": {
        "pt": "1"
      }
    },
    {
      "command": "bun run part2.ts",
      "mean": 2.3118609924199998,
      "stddev": 0.08171900892699442,
      "median": 2.26695045462,
      "user": 2.3056845799999994,
      "system": 0.13909765999999998,
      "min": 2.25220712162,
      "max": 2.48419153862,
      "times": [
        2.2635297046200002,
        2.3151063296200003,
        2.48419153862,
        2.27037120462,
        2.25328928762,
        2.25975983062,
        2.42658641362,
        2.33561724662,
        2.2579512466200002,
        2.25220712162
      ],
      "exit_codes": [
        0,
        0,
        0,
        0,
        0,
        0,
        0,
        0,
        0,
        0
      ],
      "parameters": {
        "pt": "2"
      }
    }
  ]
}
