{
  "results": [
    {
      "command": "bun run part1.ts",
      "mean": 0.016349052551698124,
      "stddev": 0.00043507845793149577,
      "median": 0.01632808808,
      "user": 0.01524623735849057,
      "system": 0.006970057232704398,
      "min": 0.01547979608,
      "max": 0.01766292108,
      "times": [
        0.016611754080000003,
        0.01666379608,
        0.01666604608,
        0.016459629080000003,
        0.015877421080000002,
        0.016344129080000002,
        0.016269295080000003,
        0.01587442008,
        0.01598275408,
        0.016060129080000003,
        0.01617250408,
        0.015499171080000002,
        0.01619658708,
        0.01567412908,
        0.015884421080000002,
        0.01619154508,
        0.01611321208,
        0.016326754080000002,
        0.01605237908,
        0.01649950408,
        0.015792379080000002,
        0.01577337908,
        0.016523337080000002,
        0.017388504080000002,
        0.01605154508,
        0.01609117108,
        0.01547979608,
        0.016589337080000002,
        0.01648087908,
        0.01624796208,
        0.015834754080000003,
        0.01576779508,
        0.01663204608,
        0.01637400408,
        0.01632146208,
        0.01646208708,
        0.01700617108,
        0.01580679508,
        0.01606329508,
        0.01713942108,
        0.01657329608,
        0.01614683708,
        0.01628892108,
        0.01703479608,
        0.01655046208,
        0.01677658808,
        0.01578450408,
        0.01611762908,
        0.01580379608,
        0.01656096308,
        0.01563562908,
        0.01591442108,
        0.016738337080000002,
        0.01638954508,
        0.01699667108,
        0.01703583708,
        0.017098171080000002,
        0.01631179508,
        0.016303504080000003,
        0.01555721308,
        0.017324796080000003,
        0.01661804608,
        0.016496337080000003,
        0.01564900408,
        0.01766292108,
        0.016454712080000003,
        0.01671283708,
        0.01664125408,
        0.015882754080000002,
        0.01632875408,
        0.01632808808,
        0.015740879080000002,
        0.01679192008,
        0.01681887908,
        0.016236379080000002,
        0.015787421080000003,
        0.016894462080000002,
        0.016493254080000002,
        0.015890670080000002,
        0.01568842008,
        0.015847087080000002,
        0.01642275408,
        0.016073379080000002,
        0.01623421208,
        0.016457963080000002,
        0.015772379080000003,
        0.01548512908,
        0.01594350408,
        0.016323254080000002,
        0.015732837080000003,
        0.01611554508,
        0.016566379080000002,
        0.01659171308,
        0.016566463080000003,
        0.01667525408,
        0.01697579608,
        0.01650942008,
        0.016595004080000003,
        0.016088921080000002,
        0.016807046080000002,
        0.01617133808,
        0.016712754080000003,
        0.01660258708,
        0.016142213080000002,
        0.01619287908,
        0.016037296080000003,
        0.016416462080000003,
        0.016844170080000002,
        0.01663592008,
        0.01590587908,
        0.016259546080000003,
        0.016106170080000003,
        0.01572187908,
        0.01643246208,
        0.016190212080000002,
        0.01648354608,
        0.015722588080000002,
        0.016076337080000003,
        0.01586896208,
        0.01575400408,
        0.01567300408,
        0.01712271308,
        0.01659404608,
        0.016311963080000002,
        0.016825421080000003,
        0.01681333708,
        0.016703671080000003,
        0.016192504080000003,
        0.016772920080000003,
        0.016943463080000002,
        0.016267588080000003,
        0.01620800408,
        0.016554837080000002,
        0.016790212080000002,
        0.01662800408,
        0.01628242108,
        0.017260004080000002,
        0.016730421080000002,
        0.016979795080000002,
        0.016040962080000002,
        0.01709837908,
        0.016739087080000003,
        0.016083088080000002,
        0.015645337080000002,
        0.016903004080000002,
        0.01623537908,
        0.016589546080000003,
        0.016416587080000003,
        0.01608767008,
        0.01663296208,
        0.016450796080000003,
        0.016748546080000003,
        0.01657629608,
        0.016383045080000002,
        0.016669213080000002,
        0.01622837908,
        0.01611800408,
        0.015963796080000002,
        0.01686729608
      ],
      "exit_codes": [
        0,
        0,
        0,
        0,
        0,
        0,
        0,
        0,
        0,
        0,
        0,
        0,
        0,
        0,
        0,
        0,
        0,
        0,
        0,
        0,
        0,
        0,
        0,
        0,
        0,
        0,
        0,
        0,
        0,
        0,
        0,
        0,
        0,
        0,
        0,
        0,
        0,
        0,
        0,
        0,
        0,
        0,
        0,
        0,
        0,
        0,
        0,
        0,
        0,
        0,
        0,
        0,
        0,
        0,
        0,
        0,
        0,
        0,
        0,
        0,
        0,
        0,
        0,
        0,
        0,
        0,
        0,
        0,
        0,
        0,
        0,
        0,
        0,
        0,
        0,
        0,
        0,
        0,
        0,
        0,
        0,
        0,
        0,
        0,
        0,
        0,
        0,
        0,
        0,
        0,
        0,
        0,
        0,
        0,
        0,
        0,
        0,
        0,
        0,
        0,
        0,
        0,
        0,
        0,
        0,
        0,
        0,
        0,
        0,
        0,
        0,
        0,
        0,
        0,
        0,
        0,
        0,
        0,
        0,
        0,
        0,
        0,
        0,
        0,
        0,
        0,
        0,
        0,
        0,
        0,
        0,
        0,
        0,
        0,
        0,
        0,
        0,
        0,
        0,
        0,
        0,
        0,
        0,
        0,
        0,
        0,
        0,
        0,
        0,
        0,
        0,
        0,
        0,
        0,
        0,
        0,
        0,
        0,
        0
      ],
      "parameters": {
        "pt": "1"
      }
    },
    {
      "command": "bun run part2.ts",
      "mean": 0.017513185254193556,
      "stddev": 0.00042436139482008884,
      "median": 0.017492504080000002,
      "user": 0.01595442774193549,
      "system": 0.006808829032258067,
      "min": 0.01656075408,
      "max": 0.018853629080000003,