{
  "results": [
    {
      "command": "bun run part1.ts",
      "mean": 0.009371597144404333,
      "stddev": 0.00026524134643497504,
      "median": 0.009297458,
      "user": 0.007531245487364627,
      "system": 0.0037820108303249105,
      "min": 0.008929542,
      "max": 0.010800583,
      "times": [
        0.010800583,
        0.010045,
        0.0100395,
        0.009491667,
        0.009119708,
        0.009053167,
        0.009038583000000001,
        0.009191791000000001,
        0.009146791000000001,
        0.009690417,
        0.009393708,
        0.009244208,
        0.009489875,
        0.009143916,
        0.009081292000000001,
        0.009108875,
        0.009720833,
        0.009297458,
        0.00935,
        0.009234334,
        0.009159125,
        0.009059292,
        0.00912075,
        0.009990500000000001,
        0.00931325,
        0.009382416000000001,
        0.009047334,
        0.009015834,
        0.009230292000000001,
        0.009069417,
        0.009549292000000001,
        0.009354625,
        0.009441666000000001,
        0.009189167,
        0.009249167,
        0.009255958,
        0.009346958,
        0.009454417000000001,
        0.009397917,
        0.009876625,
        0.009439667,
        0.010068,
        0.009151958,
        0.009408667,
        0.009268625,
        0.00901125,
        0.009260958000000001,
        0.009021583000000001,
        0.009749709,
        0.009290417,
        0.009276375,
        0.009327583,
        0.009036333,
        0.009033709000000001,
        0.009199125,
        0.009296958000000001,
        0.009619083,
        0.009437000000000001,
        0.009159084000000001,
        0.009189042000000001,
        0.009149625,
        0.009164917,
        0.009216834,
        0.009798875,
        0.00970825,
        0.009676875000000001,
        0.009728875000000001,
        0.009270750000000001,
        0.009258833000000001,
        0.009344958,
        0.009143916,
        0.009147,
        0.009213541,
        0.009592166000000001,
        0.009452917,
        0.009281083,
        0.009059959000000001,
        0.009308959,
        0.009279292,
        0.009186834000000001,
        0.009325083000000001,
        0.009724167,
        0.009632458,
        0.009186792000000001,
        0.009552625,
        0.009264209,
        0.009066458000000001,
        0.009160042,
        0.009881583000000001,
        0.009530916,
        0.009077875000000001,
        0.008995958,
        0.008929542,
        0.009260709,
        0.009142958000000001,
        0.009703292,
        0.009601709,
        0.009421375000000001,
        0.00922275,
        0.009126750000000001,
        0.009296416,
        0.008961917,
        0.009924625000000001,
        0.009560791,
        0.00913775,
        0.009298166,
        0.009085625,
        0.009328958,
        0.009200625,
        0.009684375,
        0.009468625000000001,
        0.009808208,
        0.009396417,
        0.009447667,
        0.00950525,
        0.009038916000000001,
        0.009285375,
        0.009172541000000001,
        0.009706041,
        0.009675584000000001,
        0.009264166,
        0.009132416,
        0.009291209,
        0.009204375,
        0.009281250000000001,
        0.009706959000000001,
        0.009498917,
        0.009987208000000001,
        0.00934125,
        0.00922775,
        0.009430333,
        0.0090995,
        0.009218833000000001,
        0.009341334,
        0.009537708,
        0.009751416,
        0.009304625,
        0.009324042000000001,
        0.009252458,
        0.009141208000000001,
        0.009075958,
        0.009555083,
        0.009652125000000001,
        0.009305375000000001,
        0.009121375000000001,
        0.009236583000000001,
        0.009248916000000001,
        0.009124416,
        0.009212417,
        0.00961625,
        0.009166875000000001,
        0.009281667,
        0.009142917,
        0.009378208,
        0.009189625,
        0.009145834,
        0.009847084,
        0.009505417,
        0.009233167,
        0.009041667,
        0.009163958,
        0.009398542000000001,
        0.009243166,
        0.010118625000000001,
        0.009616042,
        0.009214125,
        0.009378042000000001,
        0.009370667000000001,
        0.009187958000000001,
        0.009244166,
        0.009778333,
        0.0094535,
        0.009046875000000001,
        0.009334541,
        0.009350667,
        0.009139000000000001,
        0.008991459,
        0.009712666,
        0.009676375000000001,
        0.009256625000000001,
        0.009238208000000001,
        0.009264875,
        0.009164167,
        0.009292416000000001,
        0.009665708,
        0.009779042,
        0.009399666000000001,
        0.0092405,
        0.009379834,
        0.009198875,
        0.009127583,
        0.009662750000000001,
        0.009919125,
        0.009366042,
        0.0091515,
        0.009370375,
        0.009290875,
        0.009581459,
        0.009418791000000001,
        0.009645,
        0.009292708,
        0.009220875,
        0.009259875,
        0.009125041,
        0.009213958000000001,
        0.009257708,
        0.009920916,
        0.009324416,
        0.009774667,
        0.009277041,
        0.00913775,
        0.00927175,
        0.009338334,
        0.009839334,
        0.009477625,
        0.009355917,
        0.009240667000000001,
        0.009109834,
        0.00916075,
        0.00943325,
        0.009853208,
        0.00929225,
        0.009184959000000001,
        0.00910975,
        0.009340917,
        0.009213459,
        0.009194375000000001,
        0.010014333,
        0.009749166,
        0.009374750000000001,
        0.009230833,
        0.0093685,
        0.009166,
        0.009420583,
        0.010146209,
        0.009545166,
        0.009273,
        0.009374083,
        0.00918175,
        0.00933775,
        0.009261208,
        0.009868834,
        0.00931125,
        0.009142458000000001,
        0.009334958,
        0.009228042,
        0.009113166,
        0.009061000000000001,
        0.009723500000000001,
        0.009552541000000001,
        0.00932225,
        0.009235917,
        0.00944525,
        0.009160375,
        0.009339792000000001,
        0.009729667000000001,
        0.009573458,
        0.0093925,
        0.009974958,
        0.009395333,
        0.009423542,
        0.009168500000000001,
        0.009359792,
        0.009288917,
        0.009973875,
        0.009380458000000001,
        0.009449541,
        0.009416083,
        0.009326125000000001,
        0.009362334,
        0.009317875,
        0.009711791000000001,
        0.00964075,
        0.009263333,
        0.009412958,
        0.009284750000000001,
        0.009125416
      ],