{
  "results": [
    {
      "command": "bun run part1.ts",
      "mean": 0.016158667722331287,
      "stddev": 0.00039889668204502005,
      "median": 0.016126720980000002,
      "user": 0.014782180981595082,
      "system": 0.006774621349693248,
      "min": 0.01534059698,
      "max": 0.01780847198,
      "times": [
        0.01613251298,
        0.01608959598,
        0.015756221980000002,
        0.01564813798,
        0.01600592998,
        0.01611984698,
        0.01667776298,
        0.01619097098,
        0.01601501298,
        0.016448804980000002,
        0.016435345980000002,
        0.01614617998,
        0.015921429980000002,
        0.01626030498,
        0.01597438798,
        0.015951387980000002,
        0.016244845980000002,
        0.01655717998,
        0.01580338798,
        0.01615113798,
        0.01676663898,
        0.01577451298,
        0.01587717998,
        0.01603792998,
        0.01661709698,
        0.01655051298,
        0.01660276398,
        0.01579809698,
        0.01600163798,
        0.015898471980000002,
        0.01573805498,
        0.01652934698,
        0.01646292998,
        0.01614959698,
        0.015587679980000001,
        0.01609088798,
        0.01666097198,
        0.01638992998,
        0.01617505498,
        0.01604009698,
        0.01658759698,
        0.01623338798,
        0.01588480498,
        0.01556480498,
        0.01668201298,
        0.01580351298,
        0.01609747198,
        0.01623130498,
        0.01625884698,
        0.01630397198,
        0.015885137980000002,
        0.016196846980000002,
        0.01624776298,
        0.01592442998,
        0.01609084598,
        0.01619830498,
        0.01646197198,
        0.01559534698,
        0.01739888798,
        0.01595780498,
        0.016292304980000002,
        0.016117887980000002,
        0.01780847198,
        0.01635263798,
        0.01670926398,
        0.01568047098,
        0.01569330498,
        0.01623526398,
        0.01587992998,
        0.01572592998,
        0.01625184698,
        0.01608384598,
        0.01595780498,
        0.01601826398,
        0.01579826298,
        0.01643855498,
        0.01639976298,
        0.015410429980000001,
        0.01633984698,
        0.01636442998,
        0.01571588798,
        0.015516096980000001,
        0.01608697098,
        0.01718705498,
        0.01646022098,
        0.01675626398,
        0.01634401298,
        0.015751429980000002,
        0.016124887980000002,
        0.01645038798,
        0.016155762980000002,
        0.01595659698,
        0.016458388980000002,
        0.016853513980000002,
        0.01618697198,
        0.01672530498,
        0.01582072198,
        0.01623842998,
        0.01622530498,
        0.01694551298,
        0.01596826398,
        0.01619388898,
        0.01599005498,
        0.01626463898,
        0.01677722198,
        0.01654380498,
        0.01576263798,
        0.01598884698,
        0.01654188798,
        0.01642392998,
        0.01613251298,
        0.01575363898,
        0.01620692998,
        0.015861513980000002,
        0.016676137980000002,
        0.01591747198,
        0.01591334698,
        0.01624167998,
        0.015848679980000002,
        0.01614547198,
        0.01534059698,
        0.01674609698,
        0.016300846980000002,
        0.015776846980000002,
        0.01594105498,
        0.01592776398,
        0.01601580498,
        0.01588347098,
        0.016639179980000002,
        0.016626846980000002,
        0.01632838798,
        0.01594955498,
        0.016481762980000002,
        0.01568455498,
        0.016126720980000002,
        0.01585580498,
        0.01586959598,
        0.01563301298,
        0.015574554980000002,
        0.01682867998,
        0.016091054980000002,
        0.01578105498,
        0.01596205498,
        0.01660317998,
        0.01581663798,
        0.015929220980000002,
        0.01565538898,
        0.01680351398,
        0.01592367998,
        0.016035804980000002,
        0.01668380498,
        0.01617934598,
        0.01626938898,
        0.016444012980000002,
        0.01624342998,
        0.015587179980000001,
        0.015643929980000002,
        0.015431013980000002,
        0.01701322198,
        0.01550509698,
        0.01669313798,
        0.015492096980000002,
        0.01598880498
      ],
      "exit_codes": [
        0,
        0,
        0,
        0,
        0,
        0,
        0,
        0,
        0,
        0,
        0,
        0,
        0,
        0,
        0,
        0,
        0,
        0,
        0,
        0,
        0,
        0,
        0,
        0,
        0,
        0,
        0,
        0,
        0,
        0,
        0,
        0,
        0,
        0,
        0,
        0,
        0,
        0,
        0,
        0,
        0,
        0,
        0,
        0,
        0,
        0,
        0,
        0,
        0,
        0,
        0,
        0,
        0,
        0,
        0,
        0,
        0,
        0,
        0,
        0,
        0,
        0,
        0,
        0,
        0,
        0,
        0,
        0,
        0,
        0,
        0,
        0,
        0,
        0,
        0,
        0,
        0,
        0,
        0,
        0,
        0,
        0,
        0,
        0,
        0,
        0,
        0,
        0,
        0,
        0,
        0,
        0,
        0,
        0,
        0,
        0,
        0,
        0,
        0,
        0,
        0,
        0,
        0,
        0,
        0,
        0,
        0,
        0,
        0,
        0,
        0,
        0,
        0,
        0,
        0,
        0,
        0,
        0,
        0,
        0,
        0,
        0,
        0,
        0,
        0,
        0,
        0,
        0,
        0,
        0,
        0,
        0,
        0,
        0,
        0,
        0,
        0,
        0,
        0,
        0,
        0,
        0,
        0,
        0,
        0,
        0,
        0,
        0,
        0,
        0,
        0,
        0,
        0,
        0,
        0,
        0,
        0,
        0,
        0,
        0,
        0,
        0,
        0
      ],
      "parameters": {
        "pt": "1"
      }
    },
    {
      "command": "bun run part2.ts",
      "mean": 0.054795996810188694,
      "stddev": 0.0004972797974436186,
      "median": 0.05477684598000001,
      "user": 0.06883810377358489,
      "system": 0.011410861886792453,
      "min": 0.05379447198000001,
      "max": 0.056234012980000005,