{
  "results": [
    {
      "command": "bun run part1.ts",
      "mean": 0.030353824181739132,
      "stddev": 0.0004251681524763764,
      "median": 0.030344073160000002,
      "user": 0.034471050869565215,
      "system": 0.008744255217391304,
      "min": 0.02943146916,
      "max": 0.03145355216,
      "times": [
        0.03008505216,
        0.029987428160000003,
        0.029969844160000002,
        0.030678010159999998,
        0.030660677160000004,
        0.030938427160000004,
        0.02992846916,
        0.030398969160000004,
        0.02996859416,
        0.03078371916,
        0.029916927160000002,
        0.03084980316,
        0.03064705216,
        0.03112867716,
        0.03045667716,
        0.03025621916,
        0.029832844160000004,
        0.03094196916,
        0.03024146916,
        0.03048113616,
        0.029974719160000003,
        0.030625427160000003,
        0.029662511160000002,
        0.029842219160000003,
        0.030736136160000004,
        0.03069638516,
        0.03048913616,
        0.029924677160000003,
        0.030479677160000003,
        0.030280677159999998,
        0.030794010160000003,
        0.029667385160000004,
        0.030744260160000002,
        0.03050467816,
        0.03073059416,
        0.02978805216,
        0.03112967716,
        0.03059076116,
        0.03130551116,
        0.030889636160000004,
        0.03041934416,
        0.030095844160000003,
        0.03009771916,
        0.029922886160000002,
        0.03030605316,
        0.030796344160000003,
        0.03006876116,
        0.03027846916,
        0.02998701016,
        0.030642469159999998,
        0.02996734416,
        0.030112469160000002,
        0.03044663616,
        0.03039234416,
        0.03145355216,
        0.02990042816,
        0.030851594160000002,
        0.030040844160000003,
        0.030024802160000003,
        0.03008459416,
        0.03034721916,
        0.02960292716,
        0.030653386160000004,
        0.03020571916,
        0.030880802159999998,
        0.030532802160000004,
        0.030424969160000002,
        0.030340927160000003,
        0.03038488516,
        0.029553594160000002,
        0.030439761160000002,
        0.03021705216,
        0.02962830216,
        0.03114842716,
        0.030155969160000004,
        0.029823469160000005,
        0.03033588616,
        0.030450886160000003,
        0.03052184416,
        0.030143052160000003,
        0.02996446916,
        0.030728386160000003,
        0.03102046916,
        0.030330844160000002,
        0.03020338516,
        0.02984517716,
        0.03016238616,
        0.03018030216,
        0.030392011160000003,
        0.02943146916,
        0.031036969160000004,
        0.030566469159999998
      ],
      "exit_codes": [
        0,
        0,
        0,
        0,
        0,
        0,
        0,
        0,
        0,
        0,
        0,
        0,
        0,
        0,
        0,
        0,
        0,
        0,
        0,
        0,
        0,
        0,
        0,
        0,
        0,
        0,
        0,
        0,
        0,
        0,
        0,
        0,
        0,
        0,
        0,
        0,
        0,
        0,
        0,
        0,
        0,
        0,
        0,
        0,
        0,
        0,
        0,
        0,
        0,
        0,
        0,
        0,
        0,
        0,
        0,
        0,
        0,
        0,
        0,
        0,
        0,
        0,
        0,
        0,
        0,
        0,
        0,
        0,
        0,
        0,
        0,
        0,
        0,
        0,
        0,
        0,
        0,
        0,
        0,
        0,
        0,
        0,
        0,
        0,
        0,
        0,
        0,
        0,
        0,
        0,
        0,
        0
      ],
      "parameters": {
        "pt": "1"
      }
    },
    {
      "command": "bun run part2.ts",
      "mean": 0.10913150308592592,
      "stddev": 0.0005687414067956014,
      "median": 0.10908671916000001,
      "user": 0.12113961407407406,
      "system": 0.012610014074074074,
      "min": 0.10811901116,
      "max": 0.11084159416,
      "times": [
        0.10833088616,
        0.10941201116,
        0.10887609416,
        0.11084159416,
        0.10903688616000001,
        0.10887509416,
        0.10811901116,
        0.10964184416,
        0.10902438616,
        0.10958151016,
        0.10993467816000001,
        0.10926676016,
        0.10918059416,
        0.10908671916000001,
        0.10929155316000001,
        0.10855055216000001,
        0.10939880216,
        0.10966121916,
        0.10904088516,
        0.10893834416,
        0.10831230216000001,
        0.10912751116000001,
        0.10857384416,
        0.10968334416,
        0.10934626016,
        0.10864484416,
        0.10877305216000001
      ],
      "exit_codes": [
        0,
        0,
        0,
        0,
        0,
        0,
        0,
        0,
        0,
        0,
        0,
        0,
        0,
        0,
        0,
        0,
        0,
        0,
        0,
        0,
        0,
        0,
        0,
        0,
        0,
        0,
        0
      ],
      "parameters": {
        "pt": "2"
      }
    }
  ]
}
