{
  "results": [
    {
      "command": "bun run part1.ts",
      "mean": 0.98659559708,
      "stddev": 0.015273371457078137,
      "median": 0.9870965928800001,
      "user": 1.11298246,
      "system": 0.10962425999999999,
      "min": 0.96493465588,
      "max": 1.01395619688,
      "times": [
        1.01395619688,
        0.96493465588,
        0.98844244688,
        0.97927382188,
        1.00665486388,
        0.97947786388,
        0.9909461968800001,
        0.96793948888,
        0.9857507388800001,
        0.98857969688
      ],
      "exit_codes": [
        0,
        0,
        0,
        0,
        0,
        0,
        0,
        0,
        0,
        0
      ],
      "parameters": {
        "pt": "1"
      }
    },
    {
      "command": "bun run part2.ts",
      "mean": 3.51058431008,
      "stddev": 0.04557466556148423,
      "median": 3.51442309338,
      "user": 3.8149584599999997,
      "system": 0.32749766,
      "min": 3.42282019788,
      "max": 3.60768590588,
      "times": [
        3.51478965588,
        3.42282019788,
        3.52428003088,
        3.52266440588,
        3.49995773888,
        3.50505778088,
        3.51598303088,
        3.47854782288,
        3.51405653088,
        3.60768590588
      ],
      "exit_codes": [
        0,
        0,
        0,
        0,
        0,
        0,
        0,
        0,
        0,
        0
      ],
      "parameters": {
        "pt": "2"
      }
    }
  ]
}
