{
  "results": [
    {
      "command": "bun run part1.ts",
      "mean": 0.040038021804788756,
      "stddev": 0.0005043572420152442,
      "median": 0.04003038534,
      "user": 0.04394826563380281,
      "system": 0.009860443380281692,
      "min": 0.038936093340000005,
      "max": 0.04120446834,
      "times": [
        0.039617426340000005,
        0.038936093340000005,
        0.040026135340000005,
        0.040034968340000004,
        0.040197843340000004,
        0.039474802340000004,
        0.03981255134,
        0.039485135340000005,
        0.03990492734000001,
        0.03922663534,
        0.040474260340000005,
        0.04024700934000001,
        0.04050813534,
        0.03989871834000001,
        0.04031538534,
        0.04023896834000001,
        0.040345593340000006,
        0.03954676034000001,
        0.04120446834,
        0.04042355134,
        0.04087275934,
        0.04029513534,
        0.03937759334,
        0.03989634334,
        0.03975938534,
        0.039822343340000003,
        0.03935930134000001,
        0.04017271834,
        0.03985976034,
        0.03955213534,
        0.039573051340000005,
        0.03974230134,
        0.03909909334,
        0.039561343340000006,
        0.039598759340000005,
        0.039732843340000004,
        0.04003038534,
        0.03956201034,
        0.039771176340000006,
        0.040282343340000006,
        0.03954880134,
        0.039626468340000005,
        0.039650885340000004,
        0.040134052340000004,
        0.040534509340000004,
        0.03998163534,
        0.040838677340000004,
        0.040255885340000006,
        0.040798218340000005,
        0.039900343340000005,
        0.04096788434,
        0.041032593340000006,
        0.03921005134,
        0.03969409334000001,
        0.04017513534,
        0.040466301340000004,
        0.040267843340000005,
        0.040213093340000006,
        0.040325177340000004,
        0.04053221834,
        0.03998638534000001,
        0.04092534334,
        0.040296885340000005,
        0.039368927340000005,
        0.040219885340000004,
        0.040537510340000006,
        0.039403718340000005,
        0.040827718340000006,
        0.040229926340000007,
        0.04066288534,
        0.040246343340000004
      ],
      "exit_codes": [
        0,
        0,
        0,
        0,
        0,
        0,
        0,
        0,
        0,
        0,
        0,
        0,
        0,
        0,
        0,
        0,
        0,
        0,
        0,
        0,
        0,
        0,
        0,
        0,
        0,
        0,
        0,
        0,
        0,
        0,
        0,
        0,
        0,
        0,
        0,
        0,
        0,
        0,
        0,
        0,
        0,
        0,
        0,
        0,
        0,
        0,
        0,
        0,
        0,
        0,
        0,
        0,
        0,
        0,
        0,
        0,
        0,
        0,
        0,
        0,
        0,
        0,
        0,
        0,
        0,
        0,
        0,
        0,
        0,
        0,
        0
      ],
      "parameters": {
        "pt": "1"
      }
    },
    {
      "command": "bun run part2.ts",
      "mean": 2.60431686014,
      "stddev": 0.01897293529694012,
      "median": 2.59980034384,
      "user": 2.63722926,
      "system": 0.07653777999999999,
      "min": 2.58122796834,
      "max": 2.6404146763400003,
      "times": [
        2.61306342634,
        2.6015706773400002,
        2.5917863853400003,
        2.59089826034,
        2.62866105234,
        2.6404146763400003,
        2.58674721834,
        2.58122796834,
        2.59803001034,
        2.61076892634
      ],
      "exit_codes": [
        0,
        0,
        0,
        0,
        0,
        0,
        0,
        0,
        0,
        0
      ],
      "parameters": {
        "pt": "2"
      }
    }
  ]
}
