{
  "results": [
    {
      "command": "bun run part1.ts",
      "mean": 2.06663252246,
      "stddev": 0.01619966459160871,
      "median": 2.05948248936,
      "user": 2.11272286,
      "system": 0.05249786000000001,
      "min": 2.0516301353600004,
      "max": 2.09723492636,
      "times": [
        2.09723492636,
        2.07035834336,
        2.0516301353600004,
        2.05638713436,
        2.06444676036,
        2.05771042736,
        2.0612545513600002,
        2.05766580136,
        2.0554058843600003,
        2.09423126036
      ],
      "exit_codes": [
        0,
        0,
        0,
        0,
        0,
        0,
        0,
        0,
        0,
        0
      ],
      "parameters": {
        "pt": "1"
      }
    },
    {
      "command": "bun run part2.ts",
      "mean": 0.017702137171688313,
      "stddev": 0.0003342988191370534,
      "median": 0.01767953086,
      "user": 0.017444589870129874,
      "system": 0.006460836623376625,
      "min": 0.016938968359999997,
      "max": 0.01851509336,
      "times": [
        0.016979426359999997,
        0.01815405236,
        0.017975801359999998,
        0.01849996836,
        0.01836246836,
        0.01792546836,
        0.017560468359999998,
        0.017397218359999998,
        0.01843851036,
        0.01764159336,
        0.01775217636,
        0.01822642636,
        0.01825563436,
        0.01785188536,
        0.01805263436,
        0.01811913436,
        0.01851509336,
        0.01834000936,
        0.01826571836,
        0.01775909336,
        0.017827468359999998,
        0.018291968359999997,
        0.01726755236,
        0.01704259336,
        0.017681843359999998,
        0.01797796836,
        0.01729134336,
        0.01748671836,
        0.01744175936,
        0.017549843359999998,
        0.01755480236,
        0.01766709336,
        0.017964010359999998,
        0.01784296836,
        0.01785259336,
        0.01724746836,
        0.01776842636,
        0.017601593359999997,
        0.017983343359999997,
        0.017706593359999998,
        0.017996051359999998,
        0.01819942636,
        0.018080343359999997,
        0.01771771836,
        0.01699384336,
        0.01786171836,
        0.01838509336,
        0.01775759336,
        0.017395551359999997,
        0.01796838536,
        0.01751376036,
        0.017295677359999997,
        0.01754613436,
        0.01755630136,
        0.017088843359999998,
        0.01755238536,
        0.017669635359999998,
        0.01740725936,
        0.01743151036,
        0.01714780136,
        0.01747705136,
        0.01792888536,
        0.01717851036,
        0.017231218359999998,
        0.018370551359999997,
        0.01734492636,
        0.01789363536,
        0.01730576036,
        0.01764984336,
        0.017468260359999998,
        0.01742230136,
        0.01784930136,
        0.017171593359999997,
        0.01762721836,
        0.017959593359999998,
        0.017232926359999998,
        0.017567343359999998,
        0.01788305136,
        0.017742134359999998,
        0.01770359336,
        0.01764963536,
        0.01789380136,
        0.017686384359999998,
        0.01763805136,
        0.01750888536,
        0.017464384359999998,
        0.01784692736,
        0.01810867636,
        0.018185259359999997,
        0.01759838536,
        0.017731385359999997,
        0.017548676359999998,
        0.018021718359999998,
        0.01794317736,
        0.017992135359999998,
        0.01804834336,
        0.01824121836,
        0.01735280236,
        0.01777005136,
        0.017389427359999998,
        0.01718709336,
        0.017590176359999998,
        0.017890468359999998,
        0.017804385359999998,
        0.01761134336,
        0.01759038536,
        0.01792521836,
        0.01805592636,
        0.01744555136,
        0.01751446836,
        0.017519134359999997,
        0.01769592636,
        0.017448968359999997,
        0.017453760359999997,
        0.01772401036,
        0.017663302359999997,
        0.017426009359999998,
        0.01751409336,
        0.01747392636,
        0.017478010359999997,
        0.017474218359999998,
        0.017279843359999998,
        0.016938968359999997,
        0.01697530236,
        0.017887885359999998,
        0.01815055136,
        0.01748984336,
        0.01771455136,
        0.017502385359999997,
        0.01744659336,
        0.017670301359999998,
        0.017385676359999998,
        0.01774709336,
        0.017400177359999998,
        0.01748405136,
        0.01764859336,
        0.01772171836,
        0.017673135359999998,
        0.01823926036,
        0.01817113536,
        0.017952468359999998,
        0.01797121836,
        0.01738655136,
        0.01767721836,
        0.01771596836,
        0.017554385359999997,
        0.01777421836,
        0.017776009359999997,
        0.01798292636,
        0.01799192736,
        0.01772292636,
        0.018026635359999998,
        0.017744593359999998,
        0.017525843359999998
      ],
      "exit_codes": [
        0,
        0,
        0,
        0,
        0,
        0,
        0,
        0,
        0,
        0,
        0,
        0,
        0,
        0,
        0,
        0,
        0,
        0,
        0,
        0,
        0,
        0,
        0,
        0,
        0,
        0,
        0,
        0,
        0,
        0,
        0,
        0,
        0,
        0,
        0,
        0,
        0,
        0,
        0,
        0,
        0,
        0,
        0,
        0,
        0,
        0,
        0,
        0,
        0,
        0,
        0,
        0,
        0,
        0,
        0,
        0,
        0,
        0,
        0,
        0,
        0,
        0,
        0,
        0,
        0,
        0,
        0,
        0,
        0,
        0,
        0,
        0,
        0,
        0,
        0,
        0,
        0,
        0,
        0,
        0,
        0,
        0,
        0,
        0,
        0,
        0,
        0,
        0,
        0,
        0,
        0,
        0,
        0,
        0,
        0,
        0,
        0,
        0,
        0,
        0,
        0,
        0,
        0,
        0,
        0,
        0,
        0,
        0,
        0,
        0,
        0,
        0,
        0,
        0,
        0,
        0,
        0,
        0,
        0,
        0,
        0,
        0,
        0,
        0,
        0,
        0,
        0,
        0,
        0,
        0,
        0,
        0,
        0,
        0,
        0,
        0,
        0,
        0,
        0,
        0,
        0,
        0,
        0,
        0,
        0,
        0,
        0,
        0,
        0,
        0,
        0,
        0,
        0,
        0
      ],
      "parameters": {
        "pt": "2"
      }
    }
  ]
}
