{
  "results": [
    {
      "command": "bun run part1.ts",
      "mean": 0.015143109823391811,
      "stddev": 0.0003887674892068968,
      "median": 0.0151311838,
      "user": 0.012923683391812863,
      "system": 0.006314992046783625,
      "min": 0.014359183800000001,
      "max": 0.0172947258,
      "times": [
        0.015261808800000002,
        0.015535933800000002,
        0.014802642800000002,
        0.015428809800000002,
        0.015115891800000003,
        0.0144885168,
        0.0159022678,
        0.015537641800000002,
        0.015342641800000001,
        0.014923600800000002,
        0.0152278928,
        0.0153255588,
        0.015048600800000003,
        0.014990100800000003,
        0.015539392800000003,
        0.0150626848,
        0.014555391800000001,
        0.015333016800000002,
        0.0149063098,
        0.0147591418,
        0.014561350800000001,
        0.0153531838,
        0.014981225800000001,
        0.015137808800000003,
        0.0143817678,
        0.015969683800000002,
        0.015168558800000002,
        0.0152444758,
        0.0147387678,
        0.0152706838,
        0.014658475800000001,
        0.0148435178,
        0.015386809800000002,
        0.0149437678,
        0.014747100800000003,
        0.0155462258,
        0.0156888508,
        0.015020225800000002,
        0.014764767800000002,
        0.014775892800000003,
        0.015579975800000003,
        0.015515475800000001,
        0.0153338508,
        0.0148990178,
        0.014687642800000001,
        0.0153335598,
        0.0147178928,
        0.0156878508,
        0.014695642800000002,
        0.015159475800000002,
        0.0155906848,
        0.015316392800000002,
        0.014606975800000001,
        0.0155704758,
        0.015196559800000002,
        0.0143829338,
        0.014628975800000003,
        0.015579225800000002,
        0.014985184800000002,
        0.014839350800000001,
        0.0147913088,
        0.0153578098,
        0.0150724338,
        0.014940100800000002,
        0.014575683800000003,
        0.015176975800000003,
        0.015547100800000001,
        0.014736100800000002,
        0.0152162258,
        0.0147483508,
        0.014982600800000002,
        0.014709767800000002,
        0.0151311838,
        0.0172947258,
        0.0162399348,
        0.0155763088,
        0.015154267800000003,
        0.0145721428,
        0.015430100800000002,
        0.014942392800000003,
        0.014961058800000003,
        0.015204059800000003,
        0.0153471838,
        0.014924433800000001,
        0.014720517800000003,
        0.0150167678,
        0.015171517800000003,
        0.0144631008,
        0.0149535178,
        0.0156313928,
        0.0150642668,
        0.0146442258,
        0.015439308800000003,
        0.014891725800000002,
        0.014894933800000003,
        0.015047808800000003,
        0.015662600800000002,
        0.0159383508,
        0.0149369338,
        0.015231934800000003,
        0.0156119758,
        0.0149155168,
        0.015438433800000002,
        0.015045142800000001,
        0.015430517800000002,
        0.015411934800000002,
        0.0148837258,
        0.015612517800000003,
        0.015415475800000002,
        0.015195892800000003,
        0.015308100800000002,
        0.015253225800000002,
        0.014951350800000002,
        0.0148746838,
        0.014656350800000002,
        0.015445683800000002,
        0.0153820588,
        0.0150249758,
        0.014875225800000003,
        0.015325308800000003,
        0.015142475800000003,
        0.015293933800000003,
        0.014977017800000002,
        0.0150703508,
        0.0157548508,
        0.0150035588,
        0.015513225800000002,
        0.015266183800000003,
        0.0150912258,
        0.014999100800000002,
        0.0151464348,
        0.015196809800000002,
        0.015830892800000003,
        0.014690058800000003,
        0.0157492668,
        0.015333892800000002,
        0.014774600800000003,
        0.015032558800000002,
        0.015251683800000002,
        0.015148600800000002,
        0.015260100800000002,
        0.015302350800000003,
        0.015139892800000002,
        0.0153161838,
        0.0153271008,
        0.0148338098,
        0.014896350800000003,
        0.0153602678,
        0.0150424348,
        0.015045683800000001,
        0.014875808800000001,
        0.015156141800000002,
        0.0158316008,
        0.0148757258,
        0.014926350800000002,
        0.0150231428,
        0.015229891800000003,
        0.0155238088,
        0.014677059800000003,
        0.014924517800000002,
        0.0149379338,
        0.014359183800000001,
        0.015572016800000001,
        0.0157154758,
        0.015448141800000002,
        0.015088808800000002,
        0.014945100800000003,
        0.014924558800000001,
        0.015053684800000001,
        0.014458016800000001,
        0.015156517800000002
      ],
      "exit_codes": [
        0,
        0,
        0,
        0,
        0,
        0,
        0,
        0,
        0,
        0,
        0,
        0,
        0,
        0,
        0,
        0,
        0,
        0,
        0,
        0,
        0,
        0,
        0,
        0,
        0,
        0,
        0,
        0,
        0,
        0,
        0,
        0,
        0,
        0,
        0,
        0,
        0,
        0,
        0,
        0,
        0,
        0,
        0,
        0,
        0,
        0,
        0,
        0,
        0,
        0,
        0,
        0,
        0,
        0,
        0,
        0,
        0,
        0,
        0,
        0,
        0,
        0,
        0,
        0,
        0,
        0,
        0,
        0,
        0,
        0,
        0,
        0,
        0,
        0,
        0,
        0,
        0,
        0,
        0,
        0,
        0,
        0,
        0,
        0,
        0,
        0,
        0,
        0,
        0,
        0,
        0,
        0,
        0,
        0,
        0,
        0,
        0,
        0,
        0,
        0,
        0,
        0,
        0,
        0,
        0,
        0,
        0,
        0,
        0,
        0,
        0,
        0,
        0,
        0,
        0,
        0,
        0,
        0,
        0,
        0,
        0,
        0,
        0,
        0,
        0,
        0,
        0,
        0,
        0,
        0,
        0,
        0,
        0,
        0,
        0,
        0,
        0,
        0,
        0,
        0,
        0,
        0,
        0,
        0,
        0,
        0,
        0,
        0,
        0,
        0,
        0,
        0,
        0,
        0,
        0,
        0,
        0,
        0,
        0,
        0,
        0,
        0,
        0,
        0,
        0,
        0,
        0,
        0,
        0,
        0,
        0
      ],
      "parameters": {
        "pt": "1"
      }
    }
  ]
}
