{
  "results": [
    {
      "command": "bun run part1.ts",
      "mean": 0.007853602951111113,
      "stddev": 0.0002236003877121548,
      "median": 0.00783376784,
      "user": 0.00596875402777778,
      "system": 0.0034671230555555536,
      "min": 0.00736487184,
      "max": 0.00867553884,
      "times": [
        0.00818741384,
        0.0076603728400000005,
        0.007745497840000001,
        0.00764891384,
        0.00759503884,
        0.007491455839999999,
        0.00808358084,
        0.00774987284,
        0.007730372839999999,
        0.00775745584,
        0.0077246228400000005,
        0.0077892058400000005,
        0.00736487184,
        0.00829195584,
        0.00820091384,
        0.007731121840000001,
        0.007810871840000001,
        0.00800674784,
        0.0076611228399999995,
        0.00790099684,
        0.007887163840000001,
        0.00790353884,
        0.007826413840000001,
        0.00782003884,
        0.00766041384,
        0.00766566384,
        0.00809649784,
        0.00794349784,
        0.00792987184,
        0.007770330840000001,
        0.007641289840000001,
        0.0076590398399999995,
        0.0075717888399999995,
        0.00801153884,
        0.00774895584,
        0.00756749684,
        0.00814895584,
        0.00789258084,
        0.00775908084,
        0.00791595584,
        0.007766747840000001,
        0.00774699784,
        0.0074613308400000005,
        0.007976955840000001,
        0.00799383084,
        0.00756995584,
        0.007815705840000001,
        0.00793262284,
        0.00795683084,
        0.00788758084,
        0.0077708718400000005,
        0.007707372840000001,
        0.007512163840000001,
        0.00806741384,
        0.00800524784,
        0.007935788840000001,
        0.00786116484,
        0.00805733084,
        0.00776566484,
        0.0074429968400000004,
        0.00787699784,
        0.007796455840000001,
        0.00762391384,
        0.00776899784,
        0.00769974784,
        0.0078063718399999996,
        0.00782103884,
        0.00804437284,
        0.00796087184,
        0.00790645584,
        0.00783074684,
        0.0077874558400000005,
        0.00740045584,
        0.007864205840000001,
        0.007745497840000001,
        0.00751749784,
        0.00760937284,
        0.00758570584,
        0.00797045584,
        0.00785887284,
        0.00759653884,
        0.00785133084,
        0.00778508084,
        0.00829503884,
        0.00793449684,
        0.00770424684,
        0.007709039840000001,
        0.0076233308399999995,
        0.00773587184,
        0.00793416484,
        0.007696080839999999,
        0.00793999784,
        0.00772991384,
        0.00780808084,
        0.0075564968399999995,
        0.00796828884,
        0.00815212284,
        0.00785028884,
        0.007582830840000001,
        0.00771933084,
        0.00750078884,
        0.00765753884,
        0.00794683084,
        0.00810703884,
        0.0077756228399999995,
        0.0076567888399999996,
        0.00781441384,
        0.00778658084,
        0.00796908084,
        0.00784862184,
        0.007473580840000001,
        0.00743287284,
        0.00787141384,
        0.00796574684,
        0.00755578984,
        0.00786408084,
        0.00807578884,
        0.00770766384,
        0.00813895584,
        0.008009955840000001,
        0.00805687184,
        0.007736496840000001,
        0.00791562284,
        0.00777483084,
        0.00750603884,
        0.007703371840000001,
        0.00819620584,
        0.00834533084,
        0.0077711638399999994,
        0.00808353884,
        0.008056705840000001,
        0.007923996840000001,
        0.00770187284,
        0.00784720584,
        0.007767663839999999,
        0.00845037184,
        0.00814362284,
        0.007822247840000001,
        0.00799028884,
        0.0077638308399999995,
        0.00798678984,
        0.00745537284,
        0.00822099684,
        0.00784183084,
        0.0077184138400000005,
        0.007759289840000001,
        0.00780328884,
        0.00741533084,
        0.007431038839999999,
        0.007778622840000001,
        0.00847683084,
        0.00783512284,
        0.00809408084,
        0.00827083084,
        0.00867553884,
        0.008162580840000001,
        0.00790866384,
        0.007596246839999999,
        0.00785095584,
        0.00782233084,
        0.007757038840000001,
        0.00747262284,
        0.00838045584,
        0.00781412284,
        0.00778008084,
        0.00790178884,
        0.00795487284,
        0.00738120584,
        0.00783412184,
        0.007660955840000001,
        0.00822620584,
        0.0076227058400000006,
        0.00816474784,
        0.00786745584,
        0.00784799784,
        0.007879372840000001,
        0.0076112468400000004,
        0.00799520584,
        0.00779895584,
        0.00785749784,
        0.00807474784,
        0.007759039840000001,
        0.00827762284,
        0.00790920584,
        0.00781520584,
        0.007810080840000001,
        0.007534247840000001,
        0.00782987184,
        0.00792149784,
        0.00816237284,
        0.00789616384,
        0.00794391484,
        0.00776278884,
        0.0074240398400000004,
        0.00778895584,
        0.007962747840000001,
        0.00760308084,
        0.00763362284,
        0.00790912284,
        0.00826533084,
        0.00799383084,
        0.00799078884,
        0.007751538840000001,
        0.00743941484,
        0.008076288840000001,
        0.008167039840000001,
        0.007690497839999999,
        0.00787770584,
        0.008097496840000001,
        0.007713205840000001,
        0.00804141384,
        0.00797816384,
        0.00818962284,
        0.00792303984,
        0.00784745584,
        0.007811539839999999,
        0.00779787184,
        0.00799116484,
        0.00810737284,
        0.00780733084,
        0.00775258084,
        0.00794528884,
        0.007748080839999999,
        0.007429163840000001,
        0.007758455840000001,
        0.00809353984,
        0.00755774784,
        0.00782008084,
        0.00771803984,
        0.00802808084,
        0.00828983084,
        0.00784037184,
        0.00777524684,
        0.0078047058400000004,
        0.00788249684,
        0.0076777478400000005,
        0.00813758084,
        0.00823399784,
        0.00821516384,
        0.00797816384,
        0.00776691384,
        0.00788362284,
        0.00783833084,
        0.007604413840000001,
        0.00801916484,
        0.00839503984,
        0.008125747840000001,
        0.00790941384,
        0.008009164840000001,
        0.007756830839999999,
        0.007853830840000001,
        0.00765041384,
        0.00797874784,
        0.00850008084,
        0.00811303884,
        0.007783622840000001,
        0.0077549138400000005,
        0.00764466384,
        0.00792362284,
        0.00789808084,
        0.00779662284,
        0.007864538840000001,
        0.0076351228399999995,
        0.00763970584,
        0.00819708084,
        0.00784099684,
        0.00755599784,
        0.00795199684,
        0.00851441384,
        0.00789803884,
        0.007749830839999999,
        0.00761733084,
        0.00778858084,
        0.00756916484,
        0.00800178884,
        0.00781691484,
        0.00812883084,
        0.007770580840000001,
        0.00799495584,
        0.00803528984,
        0.00747028984,
        0.00809470584,
        0.00796795584,
        0.00799387184,
        0.00788012184,
        0.00798470584,
        0.007833413840000001,
        0.007507914839999999
      ],